StockCode,Prediksi_Demand_AI_7Hari,Kontribusi_%,Kumulatif_%,Kategori_ABC,Safety_Stock_Rekomendasi,Rekomendasi_Total_Stok_Gudang
23084,33238,"0,88256%","0,88%",Kelas A (Fast-Moving),260,33498
22197,32981,"0,87572%","1,76%",Kelas A (Fast-Moving),260,33240
85099B,32348,"0,85891%","2,62%",Kelas A (Fast-Moving),260,32607
84077,31710,"0,84199%","3,46%",Kelas A (Fast-Moving),260,31970
85123A,27788,"0,73784%","4,2%",Kelas A (Fast-Moving),260,28047
21212,23897,"0,63451%","4,83%",Kelas A (Fast-Moving),260,24156
84879,22367,"0,59389%","5,43%",Kelas A (Fast-Moving),260,22626
23203,20959,"0,55651%","5,98%",Kelas A (Fast-Moving),260,21218
17003,20503,"0,54441%","6,53%",Kelas A (Fast-Moving),260,20762
23571,18275,"0,48525%","7,01%",Kelas A (Fast-Moving),260,18534
23570,16642,"0,44189%","7,45%",Kelas A (Fast-Moving),260,16902
22952,16537,"0,43909%","7,89%",Kelas A (Fast-Moving),260,16796
23310,15953,"0,4236%","8,32%",Kelas A (Fast-Moving),260,16213
22492,15934,"0,42307%","8,74%",Kelas A (Fast-Moving),260,16193
22578,15677,"0,41627%","9,16%",Kelas A (Fast-Moving),260,15937
20668,15199,"0,40355%","9,56%",Kelas A (Fast-Moving),260,15458
22086,14783,"0,39252%","9,95%",Kelas A (Fast-Moving),260,15042
22178,14633,"0,38853%","10,34%",Kelas A (Fast-Moving),260,14892
22065,14401,"0,38238%","10,72%",Kelas A (Fast-Moving),260,14660
23343,14233,"0,37791%","11,1%",Kelas A (Fast-Moving),260,14492
22616,14197,"0,37695%","11,48%",Kelas A (Fast-Moving),260,14456
21977,14093,"0,37419%","11,85%",Kelas A (Fast-Moving),260,14352
22577,13707,"0,36396%","12,22%",Kelas A (Fast-Moving),260,13967
22386,13527,"0,35916%","12,57%",Kelas A (Fast-Moving),260,13786
84946,12995,"0,34504%","12,92%",Kelas A (Fast-Moving),260,13254
22469,12623,"0,33516%","13,25%",Kelas A (Fast-Moving),260,12882
20725,12420,"0,32976%","13,58%",Kelas A (Fast-Moving),260,12679
21108,12122,"0,32186%","13,91%",Kelas A (Fast-Moving),260,12381
23344,12006,"0,31878%","14,23%",Kelas A (Fast-Moving),260,12265
23199,11903,"0,31604%","14,54%",Kelas A (Fast-Moving),260,12162
23209,11534,"0,30625%","14,85%",Kelas A (Fast-Moving),260,11793
23077,11524,"0,30597%","15,15%",Kelas A (Fast-Moving),260,11783
23307,11511,"0,30564%","15,46%",Kelas A (Fast-Moving),260,11770
84991,11340,"0,30111%","15,76%",Kelas A (Fast-Moving),260,11600
20724,11033,"0,29294%","16,05%",Kelas A (Fast-Moving),260,11292
23355,10952,"0,29078%","16,34%",Kelas A (Fast-Moving),260,11211
22338,10948,"0,2907%","16,63%",Kelas A (Fast-Moving),260,11208
23201,10850,"0,28809%","16,92%",Kelas A (Fast-Moving),260,11109
22865,10847,"0,288%","17,21%",Kelas A (Fast-Moving),260,11106
22910,10748,"0,28539%","17,5%",Kelas A (Fast-Moving),260,11008
22909,10672,"0,28335%","17,78%",Kelas A (Fast-Moving),260,10931
23493,10400,"0,27614%","18,06%",Kelas A (Fast-Moving),260,10659
23206,10085,"0,26777%","18,32%",Kelas A (Fast-Moving),260,10344
22355,9919,"0,26336%","18,59%",Kelas A (Fast-Moving),260,10178
23293,9900,"0,26287%","18,85%",Kelas A (Fast-Moving),260,10160
22961,9872,"0,26211%","19,11%",Kelas A (Fast-Moving),260,10131
22998,9640,"0,25594%","19,37%",Kelas A (Fast-Moving),260,9899
23202,9597,"0,25482%","19,62%",Kelas A (Fast-Moving),260,9856
22944,9479,"0,25167%","19,87%",Kelas A (Fast-Moving),260,9738
16169E,9470,"0,25144%","20,13%",Kelas A (Fast-Moving),260,9729
35953,9346,"0,24816%","20,37%",Kelas A (Fast-Moving),260,9606
22693,9278,"0,24634%","20,62%",Kelas A (Fast-Moving),260,9537
22959,9024,"0,23961%","20,86%",Kelas A (Fast-Moving),260,9284
85099F,9006,"0,23913%","21,1%",Kelas A (Fast-Moving),260,9266
21810,8954,"0,23775%","21,34%",Kelas A (Fast-Moving),260,9213
22629,8914,"0,23668%","21,57%",Kelas A (Fast-Moving),260,9173
22610,8834,"0,23456%","21,81%",Kelas A (Fast-Moving),260,9093
23503,8827,"0,23438%","22,04%",Kelas A (Fast-Moving),260,9086
21731,8767,"0,23278%","22,28%",Kelas A (Fast-Moving),260,9026
23309,8642,"0,22945%","22,5%",Kelas A (Fast-Moving),260,8901
23508,8506,"0,22585%","22,73%",Kelas A (Fast-Moving),260,8766
22993,8494,"0,22552%","22,96%",Kelas A (Fast-Moving),260,8753
21931,8454,"0,22446%","23,18%",Kelas A (Fast-Moving),260,8713
21213,8382,"0,22255%","23,4%",Kelas A (Fast-Moving),260,8641
84347,8268,"0,21953%","23,62%",Kelas A (Fast-Moving),260,8527
85099C,8247,"0,21897%","23,84%",Kelas A (Fast-Moving),260,8506
22866,8046,"0,21362%","24,05%",Kelas A (Fast-Moving),260,8305
21790,8035,"0,21334%","24,27%",Kelas A (Fast-Moving),260,8294
21326,7992,"0,21221%","24,48%",Kelas A (Fast-Moving),260,8252
23295,7833,"0,20798%","24,69%",Kelas A (Fast-Moving),260,8092
21137,7799,"0,20708%","24,9%",Kelas A (Fast-Moving),260,8058
20719,7753,"0,20586%","25,1%",Kelas A (Fast-Moving),260,8013
23367,7751,"0,2058%","25,31%",Kelas A (Fast-Moving),260,8010
84755,7638,"0,2028%","25,51%",Kelas A (Fast-Moving),260,7897
23506,7601,"0,20181%","25,71%",Kelas A (Fast-Moving),260,7860
21175,7544,"0,20031%","25,91%",Kelas A (Fast-Moving),260,7803
15036,7473,"0,19842%","26,11%",Kelas A (Fast-Moving),260,7732
23301,7439,"0,19751%","26,31%",Kelas A (Fast-Moving),260,7698
21703,7427,"0,19721%","26,51%",Kelas A (Fast-Moving),260,7687
22741,7396,"0,19638%","26,7%",Kelas A (Fast-Moving),260,7656
20713,7380,"0,19594%","26,9%",Kelas A (Fast-Moving),260,7639
22151,7366,"0,19558%","27,09%",Kelas A (Fast-Moving),260,7625
22867,7266,"0,19292%","27,29%",Kelas A (Fast-Moving),260,7525
22383,7239,"0,19221%","27,48%",Kelas A (Fast-Moving),260,7499
23439,7184,"0,19074%","27,67%",Kelas A (Fast-Moving),260,7443
23354,7173,"0,19044%","27,86%",Kelas A (Fast-Moving),260,7432
23318,7160,"0,19009%","28,05%",Kelas A (Fast-Moving),260,7419
84992,7159,"0,19007%","28,24%",Kelas A (Fast-Moving),260,7418
84945,7157,"0,19003%","28,43%",Kelas A (Fast-Moving),260,7416
20971,7121,"0,18906%","28,62%",Kelas A (Fast-Moving),260,7380
23353,7100,"0,18852%","28,81%",Kelas A (Fast-Moving),260,7360
84568,7059,"0,18742%","28,99%",Kelas A (Fast-Moving),260,7318
22630,7042,"0,18698%","29,18%",Kelas A (Fast-Moving),260,7302
84978,7039,"0,18689%","29,37%",Kelas A (Fast-Moving),260,7298
47566,6982,"0,18537%","29,55%",Kelas A (Fast-Moving),260,7241
22411,6981,"0,18536%","29,74%",Kelas A (Fast-Moving),260,7241
71459,6953,"0,18462%","29,92%",Kelas A (Fast-Moving),260,7213
20727,6936,"0,18417%","30,11%",Kelas A (Fast-Moving),260,7196
23499,6920,"0,18373%","30,29%",Kelas A (Fast-Moving),260,7179
23351,6836,"0,18149%","30,47%",Kelas A (Fast-Moving),260,7095
35970,6780,"0,18002%","30,65%",Kelas A (Fast-Moving),260,7039
22633,6771,"0,17978%","30,83%",Kelas A (Fast-Moving),260,7031
22579,6745,"0,17909%","31,01%",Kelas A (Fast-Moving),260,7004
22969,6703,"0,17798%","31,19%",Kelas A (Fast-Moving),260,6963
23319,6669,"0,17708%","31,37%",Kelas A (Fast-Moving),260,6929
21975,6640,"0,1763%","31,54%",Kelas A (Fast-Moving),260,6899
22988,6590,"0,17497%","31,72%",Kelas A (Fast-Moving),260,6849
22609,6582,"0,17475%","31,89%",Kelas A (Fast-Moving),260,6841
21080,6581,"0,17473%","32,07%",Kelas A (Fast-Moving),260,6840
22791,6581,"0,17472%","32,24%",Kelas A (Fast-Moving),260,6840
22423,6567,"0,17437%","32,42%",Kelas A (Fast-Moving),260,6827
22114,6548,"0,17387%","32,59%",Kelas A (Fast-Moving),260,6808
23200,6527,"0,17331%","32,76%",Kelas A (Fast-Moving),260,6787
23382,6515,"0,17298%","32,94%",Kelas A (Fast-Moving),260,6774
23076,6502,"0,17263%","33,11%",Kelas A (Fast-Moving),260,6761
20728,6491,"0,17235%","33,28%",Kelas A (Fast-Moving),260,6751
21498,6477,"0,17197%","33,45%",Kelas A (Fast-Moving),260,6736
21497,6465,"0,17166%","33,63%",Kelas A (Fast-Moving),260,6724
20712,6371,"0,16917%","33,8%",Kelas A (Fast-Moving),260,6631
23349,6365,"0,169%","33,96%",Kelas A (Fast-Moving),260,6624
22384,6347,"0,16851%","34,13%",Kelas A (Fast-Moving),260,6606
23245,6340,"0,16833%","34,3%",Kelas A (Fast-Moving),260,6599
23005,6333,"0,16815%","34,47%",Kelas A (Fast-Moving),260,6592
21915,6284,"0,16684%","34,64%",Kelas A (Fast-Moving),260,6543
20726,6269,"0,16644%","34,8%",Kelas A (Fast-Moving),260,6528
22632,6245,"0,1658%","34,97%",Kelas A (Fast-Moving),260,6504
21232,6226,"0,1653%","35,13%",Kelas A (Fast-Moving),260,6485
23296,6209,"0,16485%","35,3%",Kelas A (Fast-Moving),260,6468
23207,6196,"0,16451%","35,46%",Kelas A (Fast-Moving),260,6455
22382,6188,"0,16429%","35,63%",Kelas A (Fast-Moving),260,6447
22659,6129,"0,16272%","35,79%",Kelas A (Fast-Moving),260,6388
23300,6090,"0,16168%","35,95%",Kelas A (Fast-Moving),260,6349
22699,6050,"0,16062%","36,11%",Kelas A (Fast-Moving),260,6309
22077,6015,"0,15971%","36,27%",Kelas A (Fast-Moving),260,6275
22470,6006,"0,15947%","36,43%",Kelas A (Fast-Moving),260,6266
20723,5989,"0,15902%","36,59%",Kelas A (Fast-Moving),260,6248
21928,5977,"0,1587%","36,75%",Kelas A (Fast-Moving),260,6236
23366,5968,"0,15844%","36,91%",Kelas A (Fast-Moving),260,6227
23378,5952,"0,15802%","37,07%",Kelas A (Fast-Moving),260,6211
21914,5928,"0,1574%","37,22%",Kelas A (Fast-Moving),260,6187
82482,5917,"0,1571%","37,38%",Kelas A (Fast-Moving),260,6176
23298,5897,"0,15657%","37,54%",Kelas A (Fast-Moving),260,6156
23215,5877,"0,15603%","37,69%",Kelas A (Fast-Moving),260,6136
23368,5868,"0,1558%","37,85%",Kelas A (Fast-Moving),260,6127
22551,5843,"0,15513%","38,0%",Kelas A (Fast-Moving),260,6102
20975,5820,"0,15451%","38,16%",Kelas A (Fast-Moving),260,6079
22467,5817,"0,15445%","38,31%",Kelas A (Fast-Moving),260,6076
23204,5808,"0,15421%","38,47%",Kelas A (Fast-Moving),260,6067
21181,5806,"0,15415%","38,62%",Kelas A (Fast-Moving),260,6065
22356,5756,"0,15283%","38,77%",Kelas A (Fast-Moving),260,6015
22816,5679,"0,15079%","38,92%",Kelas A (Fast-Moving),260,5939
21929,5667,"0,15045%","39,07%",Kelas A (Fast-Moving),260,5926
22489,5665,"0,15041%","39,23%",Kelas A (Fast-Moving),260,5924
21704,5662,"0,15034%","39,38%",Kelas A (Fast-Moving),260,5922
21918,5658,"0,15022%","39,53%",Kelas A (Fast-Moving),260,5917
84947,5650,"0,15%","39,68%",Kelas A (Fast-Moving),260,5909
22599,5646,"0,14991%","39,83%",Kelas A (Fast-Moving),260,5905
79321,5639,"0,14973%","39,98%",Kelas A (Fast-Moving),260,5898
21891,5627,"0,14941%","40,12%",Kelas A (Fast-Moving),260,5887
23308,5546,"0,14724%","40,27%",Kelas A (Fast-Moving),260,5805
22326,5489,"0,14574%","40,42%",Kelas A (Fast-Moving),260,5748
21098,5488,"0,14572%","40,56%",Kelas A (Fast-Moving),260,5748
22385,5485,"0,14562%","40,71%",Kelas A (Fast-Moving),260,5744
23321,5460,"0,14496%","40,85%",Kelas A (Fast-Moving),260,5719
22560,5453,"0,14477%","41,0%",Kelas A (Fast-Moving),260,5712
23232,5432,"0,14422%","41,14%",Kelas A (Fast-Moving),260,5691
20972,5423,"0,14399%","41,29%",Kelas A (Fast-Moving),260,5682
22966,5391,"0,14313%","41,43%",Kelas A (Fast-Moving),260,5650
23284,5345,"0,14191%","41,57%",Kelas A (Fast-Moving),260,5604
23170,5338,"0,14171%","41,71%",Kelas A (Fast-Moving),260,5597
23208,5323,"0,14133%","41,86%",Kelas A (Fast-Moving),260,5582
21787,5298,"0,14067%","42,0%",Kelas A (Fast-Moving),260,5558
23500,5295,"0,14058%","42,14%",Kelas A (Fast-Moving),260,5554
82583,5290,"0,14045%","42,28%",Kelas A (Fast-Moving),260,5549
15034,5287,"0,14037%","42,42%",Kelas A (Fast-Moving),260,5546
22029,5217,"0,13851%","42,56%",Kelas A (Fast-Moving),260,5476
21733,5216,"0,13849%","42,69%",Kelas A (Fast-Moving),260,5475
22722,5203,"0,13813%","42,83%",Kelas A (Fast-Moving),260,5462
23434,5194,"0,1379%","42,97%",Kelas A (Fast-Moving),260,5453
22992,5192,"0,13785%","43,11%",Kelas A (Fast-Moving),260,5451
21982,5183,"0,13761%","43,25%",Kelas A (Fast-Moving),260,5442
22596,5166,"0,13716%","43,38%",Kelas A (Fast-Moving),260,5425
23376,5161,"0,13703%","43,52%",Kelas A (Fast-Moving),260,5420
22726,5132,"0,13625%","43,66%",Kelas A (Fast-Moving),260,5391
23504,5082,"0,13494%","43,79%",Kelas A (Fast-Moving),260,5341
22457,5075,"0,13473%","43,93%",Kelas A (Fast-Moving),260,5334
22554,5066,"0,1345%","44,06%",Kelas A (Fast-Moving),260,5325
22608,5062,"0,1344%","44,19%",Kelas A (Fast-Moving),260,5321
23480,5041,"0,13383%","44,33%",Kelas A (Fast-Moving),260,5300
22727,5031,"0,13357%","44,46%",Kelas A (Fast-Moving),260,5290
23103,5010,"0,13301%","44,6%",Kelas A (Fast-Moving),260,5269
22558,5007,"0,13295%","44,73%",Kelas A (Fast-Moving),260,5267
71477,5004,"0,13286%","44,86%",Kelas A (Fast-Moving),260,5263
23350,4983,"0,13229%","44,99%",Kelas A (Fast-Moving),260,5242
22595,4948,"0,13136%","45,12%",Kelas A (Fast-Moving),260,5207
22734,4935,"0,13103%","45,26%",Kelas A (Fast-Moving),260,5194
23370,4916,"0,13051%","45,39%",Kelas A (Fast-Moving),260,5175
22417,4913,"0,13043%","45,52%",Kelas A (Fast-Moving),260,5172
22144,4893,"0,12991%","45,65%",Kelas A (Fast-Moving),260,5152
23320,4865,"0,12917%","45,78%",Kelas A (Fast-Moving),260,5124
84692,4849,"0,12874%","45,9%",Kelas A (Fast-Moving),260,5108
22960,4837,"0,12844%","46,03%",Kelas A (Fast-Moving),260,5097
23507,4828,"0,12819%","46,16%",Kelas A (Fast-Moving),260,5088
22666,4818,"0,12793%","46,29%",Kelas A (Fast-Moving),260,5078
22142,4818,"0,12792%","46,42%",Kelas A (Fast-Moving),260,5077
23294,4802,"0,1275%","46,54%",Kelas A (Fast-Moving),260,5062
82494L,4800,"0,12743%","46,67%",Kelas A (Fast-Moving),260,5059
23171,4795,"0,12731%","46,8%",Kelas A (Fast-Moving),260,5054
23210,4793,"0,12726%","46,93%",Kelas A (Fast-Moving),260,5053
21819,4767,"0,12656%","47,05%",Kelas A (Fast-Moving),260,5026
23356,4762,"0,12643%","47,18%",Kelas A (Fast-Moving),260,5021
23311,4759,"0,12634%","47,31%",Kelas A (Fast-Moving),260,5018
21889,4733,"0,12567%","47,43%",Kelas A (Fast-Moving),260,4992
23445,4730,"0,12559%","47,56%",Kelas A (Fast-Moving),260,4989
22818,4723,"0,12539%","47,68%",Kelas A (Fast-Moving),260,4982
22951,4718,"0,12526%","47,81%",Kelas A (Fast-Moving),260,4977
21985,4697,"0,12471%","47,93%",Kelas A (Fast-Moving),260,4956
22720,4691,"0,12453%","48,06%",Kelas A (Fast-Moving),260,4950
21791,4683,"0,12434%","48,18%",Kelas A (Fast-Moving),260,4943
23240,4672,"0,12404%","48,31%",Kelas A (Fast-Moving),260,4931
23205,4669,"0,12396%","48,43%",Kelas A (Fast-Moving),260,4928
23313,4595,"0,12201%","48,55%",Kelas A (Fast-Moving),260,4855
23437,4563,"0,12114%","48,67%",Kelas A (Fast-Moving),260,4822
20973,4561,"0,12109%","48,79%",Kelas A (Fast-Moving),260,4820
23275,4532,"0,12032%","48,91%",Kelas A (Fast-Moving),260,4791
23263,4519,"0,11998%","49,03%",Kelas A (Fast-Moving),260,4778
21930,4505,"0,1196%","49,15%",Kelas A (Fast-Moving),260,4764
22112,4503,"0,11955%","49,27%",Kelas A (Fast-Moving),260,4762
22697,4500,"0,11949%","49,39%",Kelas A (Fast-Moving),260,4760
23078,4488,"0,11916%","49,51%",Kelas A (Fast-Moving),260,4747
22555,4435,"0,11774%","49,63%",Kelas A (Fast-Moving),260,4694
20992,4435,"0,11774%","49,75%",Kelas A (Fast-Moving),260,4694
21981,4399,"0,11678%","49,86%",Kelas A (Fast-Moving),260,4658
23501,4379,"0,11627%","49,98%",Kelas A (Fast-Moving),260,4638
22597,4338,"0,11518%","50,1%",Kelas A (Fast-Moving),260,4597
22418,4336,"0,11513%","50,21%",Kelas A (Fast-Moving),260,4596
23510,4321,"0,11472%","50,33%",Kelas A (Fast-Moving),260,4580
22561,4311,"0,11447%","50,44%",Kelas A (Fast-Moving),260,4571
23198,4306,"0,11432%","50,55%",Kelas A (Fast-Moving),260,4565
23328,4300,"0,11417%","50,67%",Kelas A (Fast-Moving),260,4559
22556,4277,"0,11355%","50,78%",Kelas A (Fast-Moving),260,4536
23352,4277,"0,11355%","50,9%",Kelas A (Fast-Moving),260,4536
22771,4261,"0,11313%","51,01%",Kelas A (Fast-Moving),260,4520
23231,4250,"0,11285%","51,12%",Kelas A (Fast-Moving),260,4510
22379,4218,"0,112%","51,23%",Kelas A (Fast-Moving),260,4478
22045,4215,"0,11192%","51,35%",Kelas A (Fast-Moving),260,4475
23581,4206,"0,11166%","51,46%",Kelas A (Fast-Moving),260,4465
23374,4192,"0,1113%","51,57%",Kelas A (Fast-Moving),260,4451
22621,4182,"0,11104%","51,68%",Kelas A (Fast-Moving),260,4441
23157,4173,"0,1108%","51,79%",Kelas A (Fast-Moving),260,4432
84596B,4157,"0,11037%","51,9%",Kelas A (Fast-Moving),260,4416
16216,4145,"0,11006%","52,01%",Kelas A (Fast-Moving),260,4405
22662,4144,"0,11002%","52,12%",Kelas A (Fast-Moving),260,4403
20914,4142,"0,10997%","52,23%",Kelas A (Fast-Moving),260,4401
22585,4135,"0,10977%","52,34%",Kelas A (Fast-Moving),260,4394
22601,4132,"0,10969%","52,45%",Kelas A (Fast-Moving),260,4391
23365,4107,"0,10904%","52,56%",Kelas A (Fast-Moving),260,4366
22698,4101,"0,10889%","52,67%",Kelas A (Fast-Moving),260,4360
23271,4081,"0,10834%","52,78%",Kelas A (Fast-Moving),260,4340
16218,4075,"0,10819%","52,88%",Kelas A (Fast-Moving),260,4334
23322,4072,"0,10812%","52,99%",Kelas A (Fast-Moving),260,4332
23243,4072,"0,1081%","53,1%",Kelas A (Fast-Moving),260,4331
23583,4069,"0,10803%","53,21%",Kelas A (Fast-Moving),260,4328
23188,4053,"0,1076%","53,32%",Kelas A (Fast-Moving),260,4312
21980,4033,"0,10707%","53,42%",Kelas A (Fast-Moving),260,4292
23399,4030,"0,107%","53,53%",Kelas A (Fast-Moving),260,4290
23334,4012,"0,10651%","53,64%",Kelas A (Fast-Moving),260,4271
21479,4007,"0,10639%","53,74%",Kelas A (Fast-Moving),260,4266
22620,3998,"0,10614%","53,85%",Kelas A (Fast-Moving),260,4257
22573,3995,"0,10606%","53,96%",Kelas A (Fast-Moving),260,4254
22991,3984,"0,10578%","54,06%",Kelas A (Fast-Moving),260,4243
84970S,3974,"0,10552%","54,17%",Kelas A (Fast-Moving),260,4234
22154,3971,"0,10544%","54,27%",Kelas A (Fast-Moving),260,4231
22996,3962,"0,10519%","54,38%",Kelas A (Fast-Moving),260,4221
22111,3947,"0,10478%","54,48%",Kelas A (Fast-Moving),260,4206
22141,3917,"0,10398%","54,59%",Kelas A (Fast-Moving),260,4176
23483,3913,"0,1039%","54,69%",Kelas A (Fast-Moving),260,4173
84836,3898,"0,1035%","54,79%",Kelas A (Fast-Moving),260,4158
84378,3894,"0,10338%","54,9%",Kelas A (Fast-Moving),260,4153
21818,3879,"0,10299%","55,0%",Kelas A (Fast-Moving),260,4138
21495,3862,"0,10252%","55,1%",Kelas A (Fast-Moving),260,4121
23582,3861,"0,10251%","55,2%",Kelas A (Fast-Moving),260,4120
23144,3852,"0,10227%","55,31%",Kelas A (Fast-Moving),260,4111
84380,3850,"0,1022%","55,41%",Kelas A (Fast-Moving),260,4109
23371,3843,"0,10202%","55,51%",Kelas A (Fast-Moving),260,4102
72741,3838,"0,10188%","55,61%",Kelas A (Fast-Moving),260,4097
21871,3827,"0,10161%","55,71%",Kelas A (Fast-Moving),260,4086
21231,3810,"0,10115%","55,82%",Kelas A (Fast-Moving),260,4069
22090,3803,"0,10097%","55,92%",Kelas A (Fast-Moving),260,4062
23379,3792,"0,10068%","56,02%",Kelas A (Fast-Moving),260,4052
23569,3791,"0,10065%","56,12%",Kelas A (Fast-Moving),260,4050
21166,3786,"0,10051%","56,22%",Kelas A (Fast-Moving),260,4045
22158,3781,"0,10038%","56,32%",Kelas A (Fast-Moving),260,4040
23551,3780,"0,10036%","56,42%",Kelas A (Fast-Moving),260,4039
22544,3774,"0,10019%","56,52%",Kelas A (Fast-Moving),260,4033
22138,3773,"0,10018%","56,62%",Kelas A (Fast-Moving),260,4033
84029E,3759,"0,09979%","56,72%",Kelas A (Fast-Moving),260,4018
21650,3744,"0,09941%","56,82%",Kelas A (Fast-Moving),260,4004
23332,3730,"0,09903%","56,92%",Kelas A (Fast-Moving),260,3989
22153,3712,"0,09856%","57,02%",Kelas A (Fast-Moving),260,3972
22661,3698,"0,09817%","57,11%",Kelas A (Fast-Moving),260,3957
85049A,3681,"0,09773%","57,21%",Kelas A (Fast-Moving),260,3940
21967,3670,"0,09743%","57,31%",Kelas A (Fast-Moving),260,3929
23346,3627,"0,09628%","57,41%",Kelas A (Fast-Moving),260,3886
23247,3626,"0,09627%","57,5%",Kelas A (Fast-Moving),260,3885
22983,3617,"0,09604%","57,6%",Kelas A (Fast-Moving),260,3877
16237,3608,"0,09578%","57,69%",Kelas A (Fast-Moving),260,3867
23212,3607,"0,09575%","57,79%",Kelas A (Fast-Moving),260,3866
51014A,3605,"0,09571%","57,89%",Kelas A (Fast-Moving),260,3864
23340,3602,"0,09563%","57,98%",Kelas A (Fast-Moving),260,3861
85152,3546,"0,09414%","58,08%",Kelas A (Fast-Moving),260,3805
21169,3533,"0,09379%","58,17%",Kelas A (Fast-Moving),260,3792
84988,3507,"0,09312%","58,26%",Kelas A (Fast-Moving),260,3767
21506,3503,"0,09301%","58,36%",Kelas A (Fast-Moving),260,3763
22189,3501,"0,09296%","58,45%",Kelas A (Fast-Moving),260,3761
22598,3498,"0,09287%","58,54%",Kelas A (Fast-Moving),260,3757
23438,3495,"0,09278%","58,63%",Kelas A (Fast-Moving),260,3754
21811,3491,"0,09267%","58,73%",Kelas A (Fast-Moving),260,3750
23192,3482,"0,09245%","58,82%",Kelas A (Fast-Moving),260,3741
22728,3480,"0,09238%","58,91%",Kelas A (Fast-Moving),260,3739
22945,3469,"0,0921%","59,0%",Kelas A (Fast-Moving),260,3728
22155,3468,"0,09207%","59,1%",Kelas A (Fast-Moving),260,3727
23372,3446,"0,0915%","59,19%",Kelas A (Fast-Moving),260,3706
23266,3439,"0,0913%","59,28%",Kelas A (Fast-Moving),260,3698
85150,3433,"0,09114%","59,37%",Kelas A (Fast-Moving),260,3692
22593,3431,"0,0911%","59,46%",Kelas A (Fast-Moving),260,3691
23436,3422,"0,09084%","59,55%",Kelas A (Fast-Moving),260,3681
21210,3421,"0,09083%","59,64%",Kelas A (Fast-Moving),260,3680
23264,3415,"0,09066%","59,73%",Kelas A (Fast-Moving),260,3674
23497,3390,"0,09001%","59,82%",Kelas A (Fast-Moving),260,3650
82580,3380,"0,08974%","59,91%",Kelas A (Fast-Moving),260,3639
22712,3369,"0,08945%","60,0%",Kelas A (Fast-Moving),260,3629
22294,3362,"0,08926%","60,09%",Kelas A (Fast-Moving),260,3621
23090,3357,"0,08913%","60,18%",Kelas A (Fast-Moving),260,3616
21833,3349,"0,0889%","60,27%",Kelas A (Fast-Moving),260,3608
23168,3346,"0,08883%","60,36%",Kelas A (Fast-Moving),260,3605
21094,3346,"0,08882%","60,45%",Kelas A (Fast-Moving),260,3605
23213,3322,"0,08819%","60,54%",Kelas A (Fast-Moving),260,3581
22557,3318,"0,08809%","60,62%",Kelas A (Fast-Moving),260,3577
23345,3309,"0,08785%","60,71%",Kelas A (Fast-Moving),260,3568
21877,3306,"0,08778%","60,8%",Kelas A (Fast-Moving),260,3566
21136,3305,"0,08774%","60,89%",Kelas A (Fast-Moving),260,3564
21916,3299,"0,08758%","60,97%",Kelas A (Fast-Moving),260,3558
22834,3292,"0,0874%","61,06%",Kelas A (Fast-Moving),260,3551
21642,3278,"0,08702%","61,15%",Kelas A (Fast-Moving),260,3537
75049L,3275,"0,08694%","61,24%",Kelas A (Fast-Moving),260,3534
22273,3270,"0,08682%","61,32%",Kelas A (Fast-Moving),260,3530
23380,3264,"0,08666%","61,41%",Kelas A (Fast-Moving),260,3523
22139,3263,"0,08662%","61,5%",Kelas A (Fast-Moving),260,3522
21499,3263,"0,08662%","61,58%",Kelas A (Fast-Moving),260,3522
22571,3259,"0,08654%","61,67%",Kelas A (Fast-Moving),260,3519
21976,3257,"0,08646%","61,76%",Kelas A (Fast-Moving),260,3516
22340,3254,"0,0864%","61,84%",Kelas A (Fast-Moving),260,3514
23234,3249,"0,08626%","61,93%",Kelas A (Fast-Moving),260,3508
22419,3248,"0,08622%","62,01%",Kelas A (Fast-Moving),260,3507
22900,3232,"0,0858%","62,1%",Kelas A (Fast-Moving),260,3491
22970,3190,"0,08469%","62,18%",Kelas A (Fast-Moving),260,3449
23211,3189,"0,08465%","62,27%",Kelas A (Fast-Moving),260,3448
16219,3188,"0,08464%","62,35%",Kelas A (Fast-Moving),260,3447
23166,3184,"0,08454%","62,44%",Kelas A (Fast-Moving),260,3444
84970L,3178,"0,08438%","62,52%",Kelas A (Fast-Moving),260,3438
23377,3175,"0,0843%","62,61%",Kelas A (Fast-Moving),260,3434
22534,3173,"0,08424%","62,69%",Kelas A (Fast-Moving),260,3432
23100,3153,"0,0837%","62,78%",Kelas A (Fast-Moving),260,3412
21485,3149,"0,08359%","62,86%",Kelas A (Fast-Moving),260,3408
20676,3131,"0,08313%","62,94%",Kelas A (Fast-Moving),260,3390
23101,3130,"0,08311%","63,03%",Kelas A (Fast-Moving),260,3390
23333,3126,"0,083%","63,11%",Kelas A (Fast-Moving),260,3386
22907,3107,"0,0825%","63,19%",Kelas A (Fast-Moving),260,3367
23331,3107,"0,08249%","63,27%",Kelas A (Fast-Moving),260,3366
22553,3106,"0,08246%","63,36%",Kelas A (Fast-Moving),260,3365
23230,3106,"0,08245%","63,44%",Kelas A (Fast-Moving),260,3365
23375,3094,"0,08214%","63,52%",Kelas A (Fast-Moving),260,3353
23109,3089,"0,08202%","63,6%",Kelas A (Fast-Moving),260,3349
22113,3084,"0,08188%","63,68%",Kelas A (Fast-Moving),260,3343
16235,3082,"0,08183%","63,77%",Kelas A (Fast-Moving),260,3342
21668,3079,"0,08174%","63,85%",Kelas A (Fast-Moving),260,3338
22348,3078,"0,08171%","63,93%",Kelas A (Fast-Moving),260,3337
22759,3075,"0,08164%","64,01%",Kelas A (Fast-Moving),260,3334
POST,3054,"0,08108%","64,09%",Kelas A (Fast-Moving),260,3313
23489,3046,"0,08087%","64,17%",Kelas A (Fast-Moving),260,3305
21015,3040,"0,08071%","64,25%",Kelas A (Fast-Moving),260,3299
22614,3033,"0,08052%","64,33%",Kelas A (Fast-Moving),260,3292
20718,3022,"0,08023%","64,41%",Kelas A (Fast-Moving),260,3281
21086,3014,"0,08003%","64,49%",Kelas A (Fast-Moving),260,3274
22328,3012,"0,07996%","64,57%",Kelas A (Fast-Moving),260,3271
22083,3008,"0,07986%","64,65%",Kelas A (Fast-Moving),260,3267
22738,2990,"0,07938%","64,73%",Kelas A (Fast-Moving),260,3249
84375,2985,"0,07925%","64,81%",Kelas A (Fast-Moving),260,3244
23329,2978,"0,07905%","64,89%",Kelas A (Fast-Moving),260,3237
22835,2968,"0,07881%","64,97%",Kelas A (Fast-Moving),260,3228
M,2964,"0,07869%","65,05%",Kelas A (Fast-Moving),260,3223
23546,2963,"0,07865%","65,13%",Kelas A (Fast-Moving),260,3222
23369,2947,"0,07824%","65,21%",Kelas A (Fast-Moving),260,3206
23083,2939,"0,07802%","65,28%",Kelas A (Fast-Moving),260,3198
20996,2927,"0,07772%","65,36%",Kelas A (Fast-Moving),260,3187
22940,2925,"0,07764%","65,44%",Kelas A (Fast-Moving),260,3184
22979,2919,"0,07749%","65,52%",Kelas A (Fast-Moving),260,3178
23330,2912,"0,07732%","65,59%",Kelas A (Fast-Moving),260,3172
22594,2909,"0,07722%","65,67%",Kelas A (Fast-Moving),260,3168
23221,2907,"0,07718%","65,75%",Kelas A (Fast-Moving),260,3166
21121,2892,"0,07677%","65,83%",Kelas A (Fast-Moving),260,3151
23426,2892,"0,07677%","65,9%",Kelas A (Fast-Moving),260,3151
16156S,2887,"0,07664%","65,98%",Kelas A (Fast-Moving),260,3146
23530,2878,"0,07641%","66,06%",Kelas A (Fast-Moving),260,3137
16045,2855,"0,07579%","66,13%",Kelas A (Fast-Moving),260,3114
23000,2850,"0,07565%","66,21%",Kelas A (Fast-Moving),260,3109
22997,2839,"0,07536%","66,28%",Kelas A (Fast-Moving),260,3098
23265,2831,"0,07516%","66,36%",Kelas A (Fast-Moving),260,3090
22161,2808,"0,07455%","66,43%",Kelas A (Fast-Moving),260,3067
21481,2795,"0,07421%","66,51%",Kelas A (Fast-Moving),260,3055
21917,2794,"0,07418%","66,58%",Kelas A (Fast-Moving),260,3053
16008,2791,"0,07408%","66,65%",Kelas A (Fast-Moving),260,3050
23167,2784,"0,07392%","66,73%",Kelas A (Fast-Moving),260,3043
23286,2775,"0,07368%","66,8%",Kelas A (Fast-Moving),260,3034
84029G,2759,"0,07324%","66,88%",Kelas A (Fast-Moving),260,3018
84997D,2756,"0,07316%","66,95%",Kelas A (Fast-Moving),260,3015
21172,2741,"0,07277%","67,02%",Kelas A (Fast-Moving),260,3000
82582,2737,"0,07268%","67,09%",Kelas A (Fast-Moving),260,2997
22297,2735,"0,07262%","67,17%",Kelas A (Fast-Moving),260,2995
22339,2724,"0,07233%","67,24%",Kelas A (Fast-Moving),260,2984
22027,2706,"0,07184%","67,31%",Kelas A (Fast-Moving),260,2965
21314,2703,"0,07176%","67,38%",Kelas A (Fast-Moving),260,2962
23182,2701,"0,0717%","67,45%",Kelas A (Fast-Moving),260,2960
22041,2693,"0,07148%","67,53%",Kelas A (Fast-Moving),260,2952
23122,2690,"0,0714%","67,6%",Kelas A (Fast-Moving),260,2949
21287,2680,"0,07114%","67,67%",Kelas A (Fast-Moving),260,2939
21154,2670,"0,07089%","67,74%",Kelas A (Fast-Moving),260,2930
84596F,2660,"0,0706%","67,81%",Kelas A (Fast-Moving),260,2919
22631,2656,"0,07051%","67,88%",Kelas A (Fast-Moving),260,2915
23172,2635,"0,06996%","67,95%",Kelas A (Fast-Moving),260,2895
23274,2619,"0,06953%","68,02%",Kelas A (Fast-Moving),260,2878
22600,2615,"0,06942%","68,09%",Kelas A (Fast-Moving),260,2874
22091,2613,"0,06936%","68,16%",Kelas A (Fast-Moving),260,2872
23035,2610,"0,06929%","68,23%",Kelas A (Fast-Moving),260,2869
23545,2606,"0,06919%","68,3%",Kelas A (Fast-Moving),260,2865
21984,2606,"0,06918%","68,37%",Kelas A (Fast-Moving),260,2865
23290,2584,"0,0686%","68,43%",Kelas A (Fast-Moving),260,2843
21809,2582,"0,06855%","68,5%",Kelas A (Fast-Moving),260,2841
20979,2581,"0,06852%","68,57%",Kelas A (Fast-Moving),260,2840
21876,2559,"0,06795%","68,64%",Kelas A (Fast-Moving),260,2819
23312,2558,"0,06791%","68,71%",Kelas A (Fast-Moving),260,2817
23082,2552,"0,06774%","68,78%",Kelas A (Fast-Moving),260,2811
23509,2548,"0,06766%","68,84%",Kelas A (Fast-Moving),260,2808
22549,2536,"0,06733%","68,91%",Kelas A (Fast-Moving),260,2795
22603,2532,"0,06723%","68,98%",Kelas A (Fast-Moving),260,2792
21669,2532,"0,06721%","69,04%",Kelas A (Fast-Moving),260,2791
84832,2524,"0,06701%","69,11%",Kelas A (Fast-Moving),260,2783
84949,2515,"0,06676%","69,18%",Kelas A (Fast-Moving),260,2774
21509,2514,"0,06675%","69,25%",Kelas A (Fast-Moving),260,2774
51014C,2514,"0,06675%","69,31%",Kelas A (Fast-Moving),260,2774
22030,2512,"0,06668%","69,38%",Kelas A (Fast-Moving),260,2771
23196,2505,"0,06649%","69,45%",Kelas A (Fast-Moving),260,2764
23389,2505,"0,06649%","69,51%",Kelas A (Fast-Moving),260,2764
22530,2504,"0,06648%","69,58%",Kelas A (Fast-Moving),260,2764
23534,2503,"0,06645%","69,64%",Kelas A (Fast-Moving),260,2762
23165,2498,"0,06631%","69,71%",Kelas A (Fast-Moving),260,2757
21500,2494,"0,0662%","69,78%",Kelas A (Fast-Moving),260,2753
21238,2487,"0,06602%","69,84%",Kelas A (Fast-Moving),260,2746
22187,2480,"0,06585%","69,91%",Kelas A (Fast-Moving),260,2740
47503A,2465,"0,06543%","69,97%",Kelas A (Fast-Moving),260,2724
22421,2462,"0,06536%","70,04%",Kelas B (Medium-Moving),87,2548
22491,2459,"0,06527%","70,11%",Kelas B (Medium-Moving),87,2545
23292,2451,"0,06507%","70,17%",Kelas B (Medium-Moving),87,2538
23158,2442,"0,06483%","70,24%",Kelas B (Medium-Moving),87,2528
23681,2440,"0,06477%","70,3%",Kelas B (Medium-Moving),87,2526
22546,2437,"0,06469%","70,36%",Kelas B (Medium-Moving),87,2523
22704,2424,"0,06436%","70,43%",Kelas B (Medium-Moving),87,2511
82581,2423,"0,06431%","70,49%",Kelas B (Medium-Moving),87,2509
21892,2420,"0,06423%","70,56%",Kelas B (Medium-Moving),87,2506
22574,2419,"0,06423%","70,62%",Kelas B (Medium-Moving),87,2506
85049E,2417,"0,06416%","70,69%",Kelas B (Medium-Moving),87,2503
22037,2416,"0,06415%","70,75%",Kelas B (Medium-Moving),87,2503
22367,2415,"0,0641%","70,81%",Kelas B (Medium-Moving),87,2501
23531,2397,"0,06363%","70,88%",Kelas B (Medium-Moving),87,2483
23473,2396,"0,06362%","70,94%",Kelas B (Medium-Moving),87,2483
22398,2395,"0,06359%","71,0%",Kelas B (Medium-Moving),87,2482
23089,2390,"0,06345%","71,07%",Kelas B (Medium-Moving),87,2476
22581,2388,"0,06339%","71,13%",Kelas B (Medium-Moving),87,2474
21507,2386,"0,06335%","71,2%",Kelas B (Medium-Moving),87,2473
21559,2383,"0,06327%","71,26%",Kelas B (Medium-Moving),87,2470
22219,2376,"0,06307%","71,32%",Kelas B (Medium-Moving),87,2462
22732,2366,"0,06282%","71,38%",Kelas B (Medium-Moving),87,2453
22306,2366,"0,06281%","71,45%",Kelas B (Medium-Moving),87,2453
22733,2364,"0,06276%","71,51%",Kelas B (Medium-Moving),87,2450
22440,2356,"0,06253%","71,57%",Kelas B (Medium-Moving),87,2442
21162,2342,"0,06217%","71,63%",Kelas B (Medium-Moving),87,2428
84536A,2340,"0,06213%","71,7%",Kelas B (Medium-Moving),87,2427
23288,2336,"0,06201%","71,76%",Kelas B (Medium-Moving),87,2422
21165,2331,"0,06189%","71,82%",Kelas B (Medium-Moving),87,2418
20983,2328,"0,0618%","71,88%",Kelas B (Medium-Moving),87,2415
46000S,2328,"0,06179%","71,94%",Kelas B (Medium-Moving),87,2414
85199S,2325,"0,06171%","72,01%",Kelas B (Medium-Moving),87,2411
22941,2322,"0,06164%","72,07%",Kelas B (Medium-Moving),87,2408
82484,2321,"0,06161%","72,13%",Kelas B (Medium-Moving),87,2407
21935,2316,"0,06148%","72,19%",Kelas B (Medium-Moving),87,2402
22043,2316,"0,06147%","72,25%",Kelas B (Medium-Moving),87,2402
22812,2305,"0,06118%","72,31%",Kelas B (Medium-Moving),87,2391
23175,2299,"0,06102%","72,37%",Kelas B (Medium-Moving),87,2385
23267,2299,"0,06102%","72,44%",Kelas B (Medium-Moving),87,2385
23241,2298,"0,06101%","72,5%",Kelas B (Medium-Moving),87,2385
22739,2295,"0,06093%","72,56%",Kelas B (Medium-Moving),87,2382
23191,2291,"0,06082%","72,62%",Kelas B (Medium-Moving),87,2377
21986,2282,"0,06058%","72,68%",Kelas B (Medium-Moving),87,2369
47591D,2281,"0,06056%","72,74%",Kelas B (Medium-Moving),87,2368
21874,2281,"0,06055%","72,8%",Kelas B (Medium-Moving),87,2367
22174,2276,"0,06042%","72,86%",Kelas B (Medium-Moving),87,2362
22999,2269,"0,06022%","72,92%",Kelas B (Medium-Moving),87,2355
23220,2257,"0,05993%","72,98%",Kelas B (Medium-Moving),87,2344
23120,2239,"0,05944%","73,04%",Kelas B (Medium-Moving),87,2326
20711,2223,"0,05901%","73,1%",Kelas B (Medium-Moving),87,2309
22531,2223,"0,059%","73,16%",Kelas B (Medium-Moving),87,2309
20982,2221,"0,05897%","73,22%",Kelas B (Medium-Moving),87,2308
23002,2217,"0,05886%","73,28%",Kelas B (Medium-Moving),87,2304
23323,2202,"0,05845%","73,33%",Kelas B (Medium-Moving),87,2288
22580,2198,"0,05834%","73,39%",Kelas B (Medium-Moving),87,2284
23373,2197,"0,05833%","73,45%",Kelas B (Medium-Moving),87,2284
23535,2196,"0,05829%","73,51%",Kelas B (Medium-Moving),87,2282
23494,2188,"0,05809%","73,57%",Kelas B (Medium-Moving),87,2275
22576,2185,"0,05801%","73,63%",Kelas B (Medium-Moving),87,2272
22466,2184,"0,05797%","73,68%",Kelas B (Medium-Moving),87,2270
22028,2181,"0,0579%","73,74%",Kelas B (Medium-Moving),87,2267
22809,2181,"0,05789%","73,8%",Kelas B (Medium-Moving),87,2267
22817,2167,"0,05754%","73,86%",Kelas B (Medium-Moving),87,2254
23256,2161,"0,05737%","73,91%",Kelas B (Medium-Moving),87,2247
22539,2157,"0,05726%","73,97%",Kelas B (Medium-Moving),87,2244
35471D,2152,"0,05712%","74,03%",Kelas B (Medium-Moving),87,2238
21390,2150,"0,05707%","74,09%",Kelas B (Medium-Moving),87,2236
23217,2144,"0,05691%","74,14%",Kelas B (Medium-Moving),87,2230
21900,2140,"0,05681%","74,2%",Kelas B (Medium-Moving),87,2226
22962,2140,"0,05681%","74,26%",Kelas B (Medium-Moving),87,2226
23326,2140,"0,0568%","74,31%",Kelas B (Medium-Moving),87,2226
22093,2136,"0,05669%","74,37%",Kelas B (Medium-Moving),87,2222
84997B,2135,"0,05668%","74,43%",Kelas B (Medium-Moving),87,2222
21484,2134,"0,05666%","74,48%",Kelas B (Medium-Moving),87,2221
22792,2124,"0,05638%","74,54%",Kelas B (Medium-Moving),87,2210
22819,2124,"0,05638%","74,6%",Kelas B (Medium-Moving),87,2210
23108,2113,"0,0561%","74,65%",Kelas B (Medium-Moving),87,2200
22815,2109,"0,05598%","74,71%",Kelas B (Medium-Moving),87,2195
23174,2095,"0,05561%","74,76%",Kelas B (Medium-Moving),87,2181
22130,2089,"0,05546%","74,82%",Kelas B (Medium-Moving),87,2176
22150,2083,"0,05529%","74,87%",Kelas B (Medium-Moving),87,2169
22737,2081,"0,05524%","74,93%",Kelas B (Medium-Moving),87,2167
23360,2080,"0,05522%","74,98%",Kelas B (Medium-Moving),87,2167
23236,2077,"0,05515%","75,04%",Kelas B (Medium-Moving),87,2164
23490,2076,"0,0551%","75,09%",Kelas B (Medium-Moving),87,2162
21494,2074,"0,05506%","75,15%",Kelas B (Medium-Moving),87,2160
22460,2073,"0,05503%","75,2%",Kelas B (Medium-Moving),87,2159
22663,2071,"0,05498%","75,26%",Kelas B (Medium-Moving),87,2157
23148,2062,"0,05475%","75,31%",Kelas B (Medium-Moving),87,2149
23225,2059,"0,05466%","75,37%",Kelas B (Medium-Moving),87,2145
23348,2053,"0,05451%","75,42%",Kelas B (Medium-Moving),87,2140
22619,2053,"0,05451%","75,48%",Kelas B (Medium-Moving),87,2140
22333,2052,"0,05448%","75,53%",Kelas B (Medium-Moving),87,2139
22908,2050,"0,05443%","75,59%",Kelas B (Medium-Moving),87,2137
22602,2050,"0,05442%","75,64%",Kelas B (Medium-Moving),87,2136
23404,2045,"0,05428%","75,7%",Kelas B (Medium-Moving),87,2131
22464,2040,"0,05417%","75,75%",Kelas B (Medium-Moving),87,2127
21908,2039,"0,05414%","75,8%",Kelas B (Medium-Moving),87,2126
85034C,2039,"0,05413%","75,86%",Kelas B (Medium-Moving),87,2126
21174,2037,"0,05408%","75,91%",Kelas B (Medium-Moving),87,2123
23306,2020,"0,05362%","75,97%",Kelas B (Medium-Moving),87,2106
23121,2015,"0,05348%","76,02%",Kelas B (Medium-Moving),87,2101
21983,2003,"0,05318%","76,07%",Kelas B (Medium-Moving),87,2090
22915,2001,"0,05311%","76,13%",Kelas B (Medium-Moving),87,2087
22995,1999,"0,05306%","76,18%",Kelas B (Medium-Moving),87,2085
22813,1996,"0,05298%","76,23%",Kelas B (Medium-Moving),87,2082
21671,1995,"0,05297%","76,28%",Kelas B (Medium-Moving),87,2082
85048,1989,"0,05279%","76,34%",Kelas B (Medium-Moving),87,2075
22563,1988,"0,05277%","76,39%",Kelas B (Medium-Moving),87,2074
22736,1982,"0,05261%","76,44%",Kelas B (Medium-Moving),87,2068
23214,1974,"0,0524%","76,5%",Kelas B (Medium-Moving),87,2060
23229,1973,"0,05238%","76,55%",Kelas B (Medium-Moving),87,2060
21155,1967,"0,05223%","76,6%",Kelas B (Medium-Moving),87,2054
21122,1966,"0,05218%","76,65%",Kelas B (Medium-Moving),87,2052
22196,1952,"0,05181%","76,7%",Kelas B (Medium-Moving),87,2038
22994,1950,"0,05177%","76,76%",Kelas B (Medium-Moving),87,2037
85015,1945,"0,05163%","76,81%",Kelas B (Medium-Moving),87,2031
22564,1944,"0,0516%","76,86%",Kelas B (Medium-Moving),87,2030
84997C,1942,"0,05154%","76,91%",Kelas B (Medium-Moving),87,2028
22814,1939,"0,05148%","76,96%",Kelas B (Medium-Moving),87,2026
22730,1932,"0,05128%","77,01%",Kelas B (Medium-Moving),87,2018
23197,1931,"0,05125%","77,06%",Kelas B (Medium-Moving),87,2017
22667,1929,"0,05121%","77,12%",Kelas B (Medium-Moving),87,2016
23004,1925,"0,05109%","77,17%",Kelas B (Medium-Moving),87,2011
20677,1916,"0,05086%","77,22%",Kelas B (Medium-Moving),87,2002
22766,1903,"0,05052%","77,27%",Kelas B (Medium-Moving),87,1989
22898,1897,"0,05036%","77,32%",Kelas B (Medium-Moving),87,1983
23433,1892,"0,05023%","77,37%",Kelas B (Medium-Moving),87,1979
21670,1890,"0,05018%","77,42%",Kelas B (Medium-Moving),87,1977
22714,1890,"0,05018%","77,47%",Kelas B (Medium-Moving),87,1977
22094,1889,"0,05016%","77,52%",Kelas B (Medium-Moving),87,1976
21156,1889,"0,05016%","77,57%",Kelas B (Medium-Moving),87,1976
20685,1884,"0,05002%","77,62%",Kelas B (Medium-Moving),87,1971
22568,1883,"0,05%","77,67%",Kelas B (Medium-Moving),87,1970
23453,1880,"0,04991%","77,72%",Kelas B (Medium-Moving),87,1967
51014L,1877,"0,04983%","77,77%",Kelas B (Medium-Moving),87,1964
22152,1873,"0,04971%","77,82%",Kelas B (Medium-Moving),87,1959
23505,1864,"0,04949%","77,87%",Kelas B (Medium-Moving),87,1951
23119,1854,"0,04921%","77,92%",Kelas B (Medium-Moving),87,1940
22653,1850,"0,0491%","77,97%",Kelas B (Medium-Moving),87,1936
22775,1847,"0,04904%","78,02%",Kelas B (Medium-Moving),87,1934
23291,1840,"0,04884%","78,06%",Kelas B (Medium-Moving),87,1926
23289,1839,"0,04881%","78,11%",Kelas B (Medium-Moving),87,1925
22651,1838,"0,04878%","78,16%",Kelas B (Medium-Moving),87,1924
21430,1833,"0,04865%","78,21%",Kelas B (Medium-Moving),87,1919
21672,1827,"0,0485%","78,26%",Kelas B (Medium-Moving),87,1914
22335,1827,"0,0485%","78,31%",Kelas B (Medium-Moving),87,1913
21932,1815,"0,04818%","78,36%",Kelas B (Medium-Moving),87,1901
35961,1807,"0,04798%","78,4%",Kelas B (Medium-Moving),87,1894
23452,1799,"0,04775%","78,45%",Kelas B (Medium-Moving),87,1885
23566,1793,"0,04759%","78,5%",Kelas B (Medium-Moving),87,1879
22964,1786,"0,04742%","78,55%",Kelas B (Medium-Moving),87,1873
21429,1780,"0,04725%","78,59%",Kelas B (Medium-Moving),87,1866
22303,1778,"0,04721%","78,64%",Kelas B (Medium-Moving),87,1865
23381,1773,"0,04706%","78,69%",Kelas B (Medium-Moving),87,1859
21673,1769,"0,04697%","78,74%",Kelas B (Medium-Moving),87,1856
82552,1769,"0,04695%","78,78%",Kelas B (Medium-Moving),87,1855
20981,1764,"0,04681%","78,83%",Kelas B (Medium-Moving),87,1850
23280,1763,"0,04681%","78,88%",Kelas B (Medium-Moving),87,1850
22080,1763,"0,04679%","78,92%",Kelas B (Medium-Moving),87,1849
23228,1754,"0,04655%","78,97%",Kelas B (Medium-Moving),87,1840
23393,1750,"0,04645%","79,02%",Kelas B (Medium-Moving),87,1836
23565,1750,"0,04644%","79,06%",Kelas B (Medium-Moving),87,1836
23173,1745,"0,04632%","79,11%",Kelas B (Medium-Moving),87,1831
23270,1738,"0,04613%","79,15%",Kelas B (Medium-Moving),87,1824
23186,1737,"0,0461%","79,2%",Kelas B (Medium-Moving),87,1823
22749,1729,"0,0459%","79,25%",Kelas B (Medium-Moving),87,1815
23189,1729,"0,04589%","79,29%",Kelas B (Medium-Moving),87,1815
22352,1726,"0,04582%","79,34%",Kelas B (Medium-Moving),87,1813
22646,1725,"0,0458%","79,38%",Kelas B (Medium-Moving),87,1812
22082,1722,"0,04572%","79,43%",Kelas B (Medium-Moving),87,1809
23223,1719,"0,04564%","79,48%",Kelas B (Medium-Moving),87,1806
22075,1713,"0,04548%","79,52%",Kelas B (Medium-Moving),87,1800
48138,1712,"0,04545%","79,57%",Kelas B (Medium-Moving),87,1799
15056BL,1709,"0,04537%","79,61%",Kelas B (Medium-Moving),87,1795
22948,1708,"0,04535%","79,66%",Kelas B (Medium-Moving),87,1795
16014,1707,"0,04531%","79,7%",Kelas B (Medium-Moving),87,1793
23390,1701,"0,04517%","79,75%",Kelas B (Medium-Moving),87,1788
35964,1698,"0,04507%","79,79%",Kelas B (Medium-Moving),87,1784
20969,1696,"0,04502%","79,84%",Kelas B (Medium-Moving),87,1782
22713,1694,"0,04496%","79,88%",Kelas B (Medium-Moving),87,1780
21591,1693,"0,04493%","79,93%",Kelas B (Medium-Moving),87,1779
22437,1686,"0,04476%","79,97%",Kelas B (Medium-Moving),87,1773
21803,1685,"0,04472%","80,02%",Kelas B (Medium-Moving),87,1771
20717,1683,"0,04466%","80,06%",Kelas B (Medium-Moving),87,1769
22024,1682,"0,04464%","80,11%",Kelas B (Medium-Moving),87,1768
23359,1680,"0,04459%","80,15%",Kelas B (Medium-Moving),87,1766
21523,1679,"0,04456%","80,2%",Kelas B (Medium-Moving),87,1765
23194,1678,"0,04455%","80,24%",Kelas B (Medium-Moving),87,1765
23190,1677,"0,04452%","80,28%",Kelas B (Medium-Moving),87,1763
22963,1676,"0,04448%","80,33%",Kelas B (Medium-Moving),87,1762
22895,1674,"0,04443%","80,37%",Kelas B (Medium-Moving),87,1760
23541,1673,"0,04442%","80,42%",Kelas B (Medium-Moving),87,1760
20978,1668,"0,04427%","80,46%",Kelas B (Medium-Moving),87,1754
23169,1662,"0,04412%","80,51%",Kelas B (Medium-Moving),87,1748
22186,1662,"0,04412%","80,55%",Kelas B (Medium-Moving),87,1748
82551,1654,"0,04391%","80,59%",Kelas B (Medium-Moving),87,1741
23177,1651,"0,04382%","80,64%",Kelas B (Medium-Moving),87,1737
21934,1645,"0,04367%","80,68%",Kelas B (Medium-Moving),87,1732
47593B,1645,"0,04366%","80,73%",Kelas B (Medium-Moving),87,1731
22095,1643,"0,04362%","80,77%",Kelas B (Medium-Moving),87,1730
22435,1641,"0,04355%","80,81%",Kelas B (Medium-Moving),87,1727
23526,1639,"0,0435%","80,86%",Kelas B (Medium-Moving),87,1725
21902,1633,"0,04335%","80,9%",Kelas B (Medium-Moving),87,1720
23238,1630,"0,04328%","80,94%",Kelas B (Medium-Moving),87,1717
22536,1628,"0,0432%","80,99%",Kelas B (Medium-Moving),87,1714
23154,1623,"0,04308%","81,03%",Kelas B (Medium-Moving),87,1709
22488,1623,"0,04307%","81,07%",Kelas B (Medium-Moving),87,1709
22851,1622,"0,04305%","81,11%",Kelas B (Medium-Moving),87,1708
22465,1621,"0,04302%","81,16%",Kelas B (Medium-Moving),87,1707
21158,1614,"0,04285%","81,2%",Kelas B (Medium-Moving),87,1701
17091J,1610,"0,04274%","81,24%",Kelas B (Medium-Moving),87,1696
22899,1609,"0,0427%","81,29%",Kelas B (Medium-Moving),87,1695
37340,1608,"0,0427%","81,33%",Kelas B (Medium-Moving),87,1695
21899,1608,"0,04268%","81,37%",Kelas B (Medium-Moving),87,1694
22750,1607,"0,04267%","81,41%",Kelas B (Medium-Moving),87,1694
22507,1605,"0,0426%","81,46%",Kelas B (Medium-Moving),87,1691
23254,1602,"0,04252%","81,5%",Kelas B (Medium-Moving),87,1688
23395,1599,"0,04246%","81,54%",Kelas B (Medium-Moving),87,1686
35095A,1598,"0,04243%","81,58%",Kelas B (Medium-Moving),87,1685
85227,1597,"0,04238%","81,63%",Kelas B (Medium-Moving),87,1683
21218,1595,"0,04234%","81,67%",Kelas B (Medium-Moving),87,1681
23176,1587,"0,04213%","81,71%",Kelas B (Medium-Moving),87,1673
22493,1586,"0,04209%","81,75%",Kelas B (Medium-Moving),87,1672
21754,1579,"0,0419%","81,8%",Kelas B (Medium-Moving),87,1665
21159,1578,"0,0419%","81,84%",Kelas B (Medium-Moving),87,1665
23145,1574,"0,04179%","81,88%",Kelas B (Medium-Moving),87,1661
15056N,1571,"0,04171%","81,92%",Kelas B (Medium-Moving),87,1658
23474,1569,"0,04164%","81,96%",Kelas B (Medium-Moving),87,1655
84012,1569,"0,04164%","82,0%",Kelas B (Medium-Moving),87,1655
22099,1564,"0,04153%","82,05%",Kelas B (Medium-Moving),87,1651
22381,1563,"0,0415%","82,09%",Kelas B (Medium-Moving),87,1650
23564,1561,"0,04144%","82,13%",Kelas B (Medium-Moving),87,1647
23273,1552,"0,0412%","82,17%",Kelas B (Medium-Moving),87,1638
23435,1550,"0,04115%","82,21%",Kelas B (Medium-Moving),87,1636
22436,1548,"0,0411%","82,25%",Kelas B (Medium-Moving),87,1635
15039,1542,"0,04092%","82,29%",Kelas B (Medium-Moving),87,1628
23285,1530,"0,04062%","82,33%",Kelas B (Medium-Moving),87,1617
23227,1523,"0,04043%","82,37%",Kelas B (Medium-Moving),87,1610
22115,1520,"0,04033%","82,41%",Kelas B (Medium-Moving),87,1606
22772,1515,"0,04022%","82,45%",Kelas B (Medium-Moving),87,1602
22109,1513,"0,04016%","82,49%",Kelas B (Medium-Moving),87,1600
82483,1512,"0,04013%","82,53%",Kelas B (Medium-Moving),87,1598
23269,1511,"0,04011%","82,57%",Kelas B (Medium-Moving),87,1598
23129,1511,"0,04011%","82,61%",Kelas B (Medium-Moving),87,1597
48187,1507,"0,04002%","82,65%",Kelas B (Medium-Moving),87,1594
10135,1502,"0,03986%","82,69%",Kelas B (Medium-Moving),87,1588
22751,1499,"0,03979%","82,73%",Kelas B (Medium-Moving),87,1585
22402,1496,"0,0397%","82,77%",Kelas B (Medium-Moving),87,1582
22400,1493,"0,03963%","82,81%",Kelas B (Medium-Moving),87,1579
22097,1490,"0,03956%","82,85%",Kelas B (Medium-Moving),87,1577
22087,1488,"0,0395%","82,89%",Kelas B (Medium-Moving),87,1574
22989,1486,"0,03945%","82,93%",Kelas B (Medium-Moving),87,1573
23193,1485,"0,03941%","82,97%",Kelas B (Medium-Moving),87,1571
23388,1484,"0,03939%","83,01%",Kelas B (Medium-Moving),87,1571
22617,1481,"0,03932%","83,05%",Kelas B (Medium-Moving),87,1568
22173,1472,"0,03907%","83,09%",Kelas B (Medium-Moving),87,1558
84596G,1470,"0,03902%","83,13%",Kelas B (Medium-Moving),87,1557
16236,1468,"0,03896%","83,17%",Kelas B (Medium-Moving),87,1554
23392,1465,"0,0389%","83,21%",Kelas B (Medium-Moving),87,1552
22420,1464,"0,03886%","83,25%",Kelas B (Medium-Moving),87,1550
21901,1463,"0,03884%","83,28%",Kelas B (Medium-Moving),87,1550
21786,1461,"0,03878%","83,32%",Kelas B (Medium-Moving),87,1547
21242,1461,"0,03877%","83,36%",Kelas B (Medium-Moving),87,1547
21933,1460,"0,03876%","83,4%",Kelas B (Medium-Moving),87,1547
22943,1457,"0,03868%","83,44%",Kelas B (Medium-Moving),87,1544
21993,1451,"0,0385%","83,48%",Kelas B (Medium-Moving),87,1537
21616,1447,"0,03841%","83,52%",Kelas B (Medium-Moving),87,1534
21619,1447,"0,03841%","83,55%",Kelas B (Medium-Moving),87,1534
22804,1447,"0,03841%","83,59%",Kelas B (Medium-Moving),87,1533
22694,1445,"0,03836%","83,63%",Kelas B (Medium-Moving),87,1532
22710,1444,"0,03832%","83,67%",Kelas B (Medium-Moving),87,1530
21822,1442,"0,03827%","83,71%",Kelas B (Medium-Moving),87,1528
21990,1442,"0,03827%","83,75%",Kelas B (Medium-Moving),87,1528
22540,1442,"0,03827%","83,78%",Kelas B (Medium-Moving),87,1528
22725,1442,"0,03826%","83,82%",Kelas B (Medium-Moving),87,1528
85061W,1436,"0,03813%","83,86%",Kelas B (Medium-Moving),87,1523
84598,1436,"0,03812%","83,9%",Kelas B (Medium-Moving),87,1523
23502,1436,"0,03811%","83,94%",Kelas B (Medium-Moving),87,1522
21135,1431,"0,03797%","83,97%",Kelas B (Medium-Moving),87,1517
22716,1429,"0,03792%","84,01%",Kelas B (Medium-Moving),87,1515
21592,1426,"0,03786%","84,05%",Kelas B (Medium-Moving),87,1513
22572,1422,"0,03775%","84,09%",Kelas B (Medium-Moving),87,1509
16161P,1422,"0,03774%","84,13%",Kelas B (Medium-Moving),87,1508
23242,1411,"0,03745%","84,16%",Kelas B (Medium-Moving),87,1497
22971,1407,"0,03734%","84,2%",Kelas B (Medium-Moving),87,1493
85175,1405,"0,03731%","84,24%",Kelas B (Medium-Moving),87,1492
22163,1405,"0,0373%","84,28%",Kelas B (Medium-Moving),87,1492
22098,1403,"0,03724%","84,31%",Kelas B (Medium-Moving),87,1489
23515,1401,"0,03719%","84,35%",Kelas B (Medium-Moving),87,1488
22731,1396,"0,03707%","84,39%",Kelas B (Medium-Moving),87,1483
22533,1396,"0,03704%","84,42%",Kelas B (Medium-Moving),87,1482
21588,1385,"0,03676%","84,46%",Kelas B (Medium-Moving),87,1471
84997A,1383,"0,03671%","84,5%",Kelas B (Medium-Moving),87,1469
22301,1382,"0,03669%","84,53%",Kelas B (Medium-Moving),87,1469
21124,1381,"0,03666%","84,57%",Kelas B (Medium-Moving),87,1468
22208,1380,"0,03662%","84,61%",Kelas B (Medium-Moving),87,1466
22096,1378,"0,03657%","84,64%",Kelas B (Medium-Moving),87,1464
21239,1375,"0,03649%","84,68%",Kelas B (Medium-Moving),87,1461
20675,1373,"0,03646%","84,72%",Kelas B (Medium-Moving),87,1460
21535,1373,"0,03643%","84,75%",Kelas B (Medium-Moving),87,1459
82486,1368,"0,0363%","84,79%",Kelas B (Medium-Moving),87,1454
22754,1367,"0,03629%","84,83%",Kelas B (Medium-Moving),87,1453
16238,1365,"0,03623%","84,86%",Kelas B (Medium-Moving),87,1451
21385,1362,"0,03616%","84,9%",Kelas B (Medium-Moving),87,1449
22920,1360,"0,0361%","84,93%",Kelas B (Medium-Moving),87,1446
23495,1360,"0,0361%","84,97%",Kelas B (Medium-Moving),87,1446
23130,1358,"0,03605%","85,01%",Kelas B (Medium-Moving),87,1445
22296,1356,"0,036%","85,04%",Kelas B (Medium-Moving),87,1443
21090,1356,"0,03598%","85,08%",Kelas B (Medium-Moving),87,1442
23250,1355,"0,03596%","85,11%",Kelas B (Medium-Moving),87,1441
22745,1354,"0,03595%","85,15%",Kelas B (Medium-Moving),87,1441
23096,1352,"0,03589%","85,19%",Kelas B (Medium-Moving),87,1439
22195,1348,"0,03578%","85,22%",Kelas B (Medium-Moving),87,1434
23559,1344,"0,03567%","85,26%",Kelas B (Medium-Moving),87,1430
22188,1343,"0,03565%","85,29%",Kelas B (Medium-Moving),87,1430
23396,1333,"0,03539%","85,33%",Kelas B (Medium-Moving),87,1420
22266,1331,"0,03532%","85,36%",Kelas B (Medium-Moving),87,1417
85071B,1331,"0,03532%","85,4%",Kelas B (Medium-Moving),87,1417
22302,1327,"0,03522%","85,43%",Kelas B (Medium-Moving),87,1413
22156,1314,"0,03488%","85,47%",Kelas B (Medium-Moving),87,1400
48194,1312,"0,03482%","85,5%",Kelas B (Medium-Moving),87,1398
23403,1311,"0,03481%","85,54%",Kelas B (Medium-Moving),87,1398
23512,1308,"0,03471%","85,57%",Kelas B (Medium-Moving),87,1394
21014,1302,"0,03456%","85,61%",Kelas B (Medium-Moving),87,1389
21989,1298,"0,03445%","85,64%",Kelas B (Medium-Moving),87,1384
22810,1297,"0,03443%","85,68%",Kelas B (Medium-Moving),87,1384
23147,1297,"0,03443%","85,71%",Kelas B (Medium-Moving),87,1384
23013,1292,"0,0343%","85,75%",Kelas B (Medium-Moving),87,1379
22735,1287,"0,03416%","85,78%",Kelas B (Medium-Moving),87,1373
22337,1286,"0,03414%","85,81%",Kelas B (Medium-Moving),87,1373
22615,1284,"0,03409%","85,85%",Kelas B (Medium-Moving),87,1371
22047,1278,"0,03392%","85,88%",Kelas B (Medium-Moving),87,1364
23514,1277,"0,0339%","85,92%",Kelas B (Medium-Moving),87,1363
22227,1274,"0,03381%","85,95%",Kelas B (Medium-Moving),87,1360
85178,1271,"0,03372%","85,98%",Kelas B (Medium-Moving),87,1357
22562,1267,"0,03362%","86,02%",Kelas B (Medium-Moving),87,1353
21875,1263,"0,03352%","86,05%",Kelas B (Medium-Moving),87,1349
21544,1259,"0,03342%","86,08%",Kelas B (Medium-Moving),87,1345
22624,1257,"0,03336%","86,12%",Kelas B (Medium-Moving),87,1343
84950,1256,"0,03334%","86,15%",Kelas B (Medium-Moving),87,1342
22644,1256,"0,03333%","86,18%",Kelas B (Medium-Moving),87,1342
22645,1255,"0,0333%","86,22%",Kelas B (Medium-Moving),87,1341
23695,1252,"0,03323%","86,25%",Kelas B (Medium-Moving),87,1338
22748,1244,"0,03302%","86,28%",Kelas B (Medium-Moving),87,1330
22307,1244,"0,03301%","86,32%",Kelas B (Medium-Moving),87,1330
85053,1240,"0,0329%","86,35%",Kelas B (Medium-Moving),87,1326
23598,1232,"0,0327%","86,38%",Kelas B (Medium-Moving),87,1318
20750,1227,"0,03256%","86,42%",Kelas B (Medium-Moving),87,1313
23451,1223,"0,03246%","86,45%",Kelas B (Medium-Moving),87,1309
22755,1222,"0,03244%","86,48%",Kelas B (Medium-Moving),87,1308
21508,1218,"0,03233%","86,51%",Kelas B (Medium-Moving),87,1305
22439,1216,"0,03228%","86,54%",Kelas B (Medium-Moving),87,1302
72817,1203,"0,03194%","86,58%",Kelas B (Medium-Moving),87,1290
21615,1203,"0,03194%","86,61%",Kelas B (Medium-Moving),87,1290
84030E,1203,"0,03193%","86,64%",Kelas B (Medium-Moving),87,1290
23511,1201,"0,03188%","86,67%",Kelas B (Medium-Moving),87,1288
21035,1200,"0,03185%","86,7%",Kelas B (Medium-Moving),87,1287
21621,1195,"0,03171%","86,74%",Kelas B (Medium-Moving),87,1281
22980,1193,"0,03168%","86,77%",Kelas B (Medium-Moving),87,1280
85014B,1192,"0,03164%","86,8%",Kelas B (Medium-Moving),87,1279
22592,1190,"0,03159%","86,83%",Kelas B (Medium-Moving),87,1277
82001S,1190,"0,03158%","86,86%",Kelas B (Medium-Moving),87,1276
23347,1190,"0,03157%","86,89%",Kelas B (Medium-Moving),87,1276
21240,1184,"0,03143%","86,93%",Kelas B (Medium-Moving),87,1271
21402,1184,"0,03142%","86,96%",Kelas B (Medium-Moving),87,1270
23251,1181,"0,03134%","86,99%",Kelas B (Medium-Moving),87,1267
85034B,1179,"0,03129%","87,02%",Kelas B (Medium-Moving),87,1265
22092,1177,"0,03125%","87,05%",Kelas B (Medium-Moving),87,1264
21034,1168,"0,031%","87,08%",Kelas B (Medium-Moving),87,1255
23058,1166,"0,03094%","87,11%",Kelas B (Medium-Moving),87,1252
47559B,1164,"0,0309%","87,14%",Kelas B (Medium-Moving),87,1251
47590B,1160,"0,0308%","87,17%",Kelas B (Medium-Moving),87,1247
22798,1159,"0,03077%","87,21%",Kelas B (Medium-Moving),87,1246
23012,1158,"0,03072%","87,24%",Kelas B (Medium-Moving),87,1244
22567,1156,"0,03069%","87,27%",Kelas B (Medium-Moving),87,1243
21313,1156,"0,03068%","87,3%",Kelas B (Medium-Moving),87,1242
22974,1155,"0,03065%","87,33%",Kelas B (Medium-Moving),87,1241
22978,1153,"0,03059%","87,36%",Kelas B (Medium-Moving),87,1239
23222,1149,"0,03049%","87,39%",Kelas B (Medium-Moving),87,1235
21974,1147,"0,03045%","87,42%",Kelas B (Medium-Moving),87,1234
22537,1147,"0,03043%","87,45%",Kelas B (Medium-Moving),87,1233
22076,1144,"0,03036%","87,48%",Kelas B (Medium-Moving),87,1230
21584,1142,"0,03031%","87,51%",Kelas B (Medium-Moving),87,1229
22906,1138,"0,03019%","87,54%",Kelas B (Medium-Moving),87,1224
23302,1136,"0,03014%","87,57%",Kelas B (Medium-Moving),87,1222
22066,1134,"0,03009%","87,6%",Kelas B (Medium-Moving),87,1220
22535,1132,"0,03004%","87,63%",Kelas B (Medium-Moving),87,1218
21755,1132,"0,03003%","87,66%",Kelas B (Medium-Moving),87,1218
23031,1131,"0,03003%","87,69%",Kelas B (Medium-Moving),87,1218
22413,1131,"0,03002%","87,72%",Kelas B (Medium-Moving),87,1217
23159,1130,"0,02999%","87,75%",Kelas B (Medium-Moving),87,1216
23524,1129,"0,02998%","87,78%",Kelas B (Medium-Moving),87,1216
22938,1129,"0,02995%","87,81%",Kelas B (Medium-Moving),87,1215
21770,1126,"0,02987%","87,84%",Kelas B (Medium-Moving),87,1212
21936,1125,"0,02987%","87,87%",Kelas B (Medium-Moving),87,1212
22670,1124,"0,02984%","87,9%",Kelas B (Medium-Moving),87,1211
22696,1117,"0,02966%","87,93%",Kelas B (Medium-Moving),87,1204
23162,1112,"0,02953%","87,96%",Kelas B (Medium-Moving),87,1199
21558,1111,"0,02949%","87,99%",Kelas B (Medium-Moving),87,1197
46000M,1108,"0,02942%","88,02%",Kelas B (Medium-Moving),87,1195
20985,1103,"0,02927%","88,05%",Kelas B (Medium-Moving),87,1189
22625,1102,"0,02926%","88,08%",Kelas B (Medium-Moving),87,1189
23029,1099,"0,02917%","88,11%",Kelas B (Medium-Moving),87,1186
35967,1095,"0,02906%","88,14%",Kelas B (Medium-Moving),87,1181
22274,1095,"0,02905%","88,16%",Kelas B (Medium-Moving),87,1181
22295,1093,"0,02901%","88,19%",Kelas B (Medium-Moving),87,1180
23224,1093,"0,02901%","88,22%",Kelas B (Medium-Moving),87,1179
84987,1090,"0,02893%","88,25%",Kelas B (Medium-Moving),87,1176
22207,1090,"0,02892%","88,28%",Kelas B (Medium-Moving),87,1176
23287,1084,"0,02877%","88,31%",Kelas B (Medium-Moving),87,1170
22074,1082,"0,02871%","88,34%",Kelas B (Medium-Moving),87,1168
20679,1081,"0,0287%","88,37%",Kelas B (Medium-Moving),87,1168
20956,1081,"0,02869%","88,4%",Kelas B (Medium-Moving),87,1168
22064,1081,"0,02869%","88,42%",Kelas B (Medium-Moving),87,1167
21620,1078,"0,02861%","88,45%",Kelas B (Medium-Moving),87,1165
23156,1076,"0,02855%","88,48%",Kelas B (Medium-Moving),87,1162
85066,1074,"0,0285%","88,51%",Kelas B (Medium-Moving),87,1160
23567,1072,"0,02844%","88,54%",Kelas B (Medium-Moving),87,1158
23006,1068,"0,02834%","88,57%",Kelas B (Medium-Moving),87,1154
22942,1067,"0,02833%","88,59%",Kelas B (Medium-Moving),87,1154
20974,1062,"0,02818%","88,62%",Kelas B (Medium-Moving),87,1148
20749,1062,"0,02817%","88,65%",Kelas B (Medium-Moving),87,1148
22331,1056,"0,02802%","88,68%",Kelas B (Medium-Moving),87,1142
71053,1056,"0,02801%","88,71%",Kelas B (Medium-Moving),87,1142
21123,1054,"0,02798%","88,73%",Kelas B (Medium-Moving),87,1141
22300,1051,"0,0279%","88,76%",Kelas B (Medium-Moving),87,1138
23513,1050,"0,02787%","88,79%",Kelas B (Medium-Moving),87,1137
22508,1046,"0,02777%","88,82%",Kelas B (Medium-Moving),87,1133
23482,1044,"0,02771%","88,85%",Kelas B (Medium-Moving),87,1130
23432,1044,"0,0277%","88,87%",Kelas B (Medium-Moving),87,1130
23691,1040,"0,0276%","88,9%",Kelas B (Medium-Moving),87,1126
21912,1038,"0,02756%","88,93%",Kelas B (Medium-Moving),87,1125
22565,1037,"0,02752%","88,96%",Kelas B (Medium-Moving),87,1123
21843,1037,"0,02751%","88,98%",Kelas B (Medium-Moving),87,1123
21888,1037,"0,02751%","89,01%",Kelas B (Medium-Moving),87,1123
21216,1033,"0,02742%","89,04%",Kelas B (Medium-Moving),87,1120
23424,1033,"0,0274%","89,07%",Kelas B (Medium-Moving),87,1119
21623,1029,"0,02731%","89,09%",Kelas B (Medium-Moving),87,1116
21328,1029,"0,02731%","89,12%",Kelas B (Medium-Moving),87,1115
22079,1026,"0,02723%","89,15%",Kelas B (Medium-Moving),87,1112
23660,1026,"0,02723%","89,18%",Kelas B (Medium-Moving),87,1112
22078,1023,"0,02715%","89,2%",Kelas B (Medium-Moving),87,1109
22587,1021,"0,0271%","89,23%",Kelas B (Medium-Moving),87,1107
21519,1021,"0,02709%","89,26%",Kelas B (Medium-Moving),87,1107
22456,1021,"0,02709%","89,28%",Kelas B (Medium-Moving),87,1107
22210,1017,"0,02698%","89,31%",Kelas B (Medium-Moving),87,1103
22972,1010,"0,0268%","89,34%",Kelas B (Medium-Moving),87,1096
22668,1005,"0,02668%","89,36%",Kelas B (Medium-Moving),87,1092
22026,1005,"0,02667%","89,39%",Kelas B (Medium-Moving),87,1091
84536B,999,"0,02652%","89,42%",Kelas B (Medium-Moving),87,1086
20828,997,"0,02647%","89,44%",Kelas B (Medium-Moving),87,1084
22897,997,"0,02646%","89,47%",Kelas B (Medium-Moving),87,1083
82578,995,"0,02639%","89,5%",Kelas B (Medium-Moving),87,1081
21868,993,"0,02636%","89,52%",Kelas B (Medium-Moving),87,1080
23014,993,"0,02634%","89,55%",Kelas B (Medium-Moving),87,1079
23123,991,"0,0263%","89,58%",Kelas B (Medium-Moving),87,1077
22586,991,"0,0263%","89,6%",Kelas B (Medium-Moving),87,1077
84535B,989,"0,02626%","89,63%",Kelas B (Medium-Moving),87,1076
22695,988,"0,02623%","89,65%",Kelas B (Medium-Moving),87,1075
47504H,986,"0,02616%","89,68%",Kelas B (Medium-Moving),87,1072
22185,985,"0,02614%","89,71%",Kelas B (Medium-Moving),87,1071
22110,985,"0,02613%","89,73%",Kelas B (Medium-Moving),87,1071
23283,984,"0,0261%","89,76%",Kelas B (Medium-Moving),87,1070
23419,983,"0,02608%","89,79%",Kelas B (Medium-Moving),87,1069
21813,979,"0,02598%","89,81%",Kelas B (Medium-Moving),87,1065
23358,977,"0,02594%","89,84%",Kelas B (Medium-Moving),87,1064
21381,977,"0,02593%","89,86%",Kelas B (Medium-Moving),87,1063
21084,975,"0,02589%","89,89%",Kelas B (Medium-Moving),87,1062
23132,975,"0,02588%","89,91%",Kelas B (Medium-Moving),87,1061
22422,975,"0,02587%","89,94%",Kelas B (Medium-Moving),87,1061
22584,972,"0,0258%","89,97%",Kelas B (Medium-Moving),87,1058
21907,972,"0,02579%","89,99%",Kelas B (Medium-Moving),87,1058
23219,972,"0,02579%","90,02%",Kelas C (Slow-Moving),5,977
82600,963,"0,02555%","90,04%",Kelas C (Slow-Moving),5,968
21705,961,"0,02551%","90,07%",Kelas C (Slow-Moving),5,966
72232,961,"0,02549%","90,09%",Kelas C (Slow-Moving),5,966
22955,959,"0,02546%","90,12%",Kelas C (Slow-Moving),5,964
35095B,959,"0,02544%","90,15%",Kelas C (Slow-Moving),5,964
22505,955,"0,02534%","90,17%",Kelas C (Slow-Moving),5,960
85035C,955,"0,02533%","90,2%",Kelas C (Slow-Moving),5,960
23281,954,"0,02533%","90,22%",Kelas C (Slow-Moving),5,959
22171,953,"0,0253%","90,25%",Kelas C (Slow-Moving),5,958
21640,953,"0,02528%","90,27%",Kelas C (Slow-Moving),5,958
22708,952,"0,02527%","90,3%",Kelas C (Slow-Moving),5,957
72349B,952,"0,02526%","90,32%",Kelas C (Slow-Moving),5,957
20674,951,"0,02523%","90,35%",Kelas C (Slow-Moving),5,956
48185,949,"0,02519%","90,37%",Kelas C (Slow-Moving),5,954
21872,949,"0,02519%","90,4%",Kelas C (Slow-Moving),5,954
70007,948,"0,02515%","90,42%",Kelas C (Slow-Moving),5,953
22672,943,"0,02504%","90,45%",Kelas C (Slow-Moving),5,948
23126,940,"0,02494%","90,47%",Kelas C (Slow-Moving),5,945
21832,939,"0,02491%","90,5%",Kelas C (Slow-Moving),5,944
85032B,938,"0,0249%","90,52%",Kelas C (Slow-Moving),5,943
22779,938,"0,0249%","90,55%",Kelas C (Slow-Moving),5,943
23406,930,"0,02469%","90,57%",Kelas C (Slow-Moving),5,935
22753,927,"0,0246%","90,6%",Kelas C (Slow-Moving),5,932
11001,926,"0,02458%","90,62%",Kelas C (Slow-Moving),5,931
21890,925,"0,02456%","90,65%",Kelas C (Slow-Moving),5,930
22299,924,"0,02452%","90,67%",Kelas C (Slow-Moving),5,929
22329,919,"0,02438%","90,7%",Kelas C (Slow-Moving),5,924
21880,917,"0,02433%","90,72%",Kelas C (Slow-Moving),5,922
22746,915,"0,02428%","90,74%",Kelas C (Slow-Moving),5,920
21164,914,"0,02425%","90,77%",Kelas C (Slow-Moving),5,919
22212,911,"0,02417%","90,79%",Kelas C (Slow-Moving),5,916
23398,909,"0,02413%","90,82%",Kelas C (Slow-Moving),5,914
23102,909,"0,02413%","90,84%",Kelas C (Slow-Moving),5,914
21716,907,"0,02408%","90,86%",Kelas C (Slow-Moving),5,912
22604,902,"0,02394%","90,89%",Kelas C (Slow-Moving),5,907
22795,898,"0,02382%","90,91%",Kelas C (Slow-Moving),5,903
23216,897,"0,02382%","90,94%",Kelas C (Slow-Moving),5,902
85049G,895,"0,02376%","90,96%",Kelas C (Slow-Moving),5,900
22131,893,"0,0237%","90,98%",Kelas C (Slow-Moving),5,898
23469,890,"0,02362%","91,01%",Kelas C (Slow-Moving),5,895
22441,889,"0,02358%","91,03%",Kelas C (Slow-Moving),5,894
22956,885,"0,0235%","91,05%",Kelas C (Slow-Moving),5,890
23475,879,"0,02333%","91,08%",Kelas C (Slow-Moving),5,884
23161,878,"0,0233%","91,1%",Kelas C (Slow-Moving),5,883
23697,876,"0,02325%","91,12%",Kelas C (Slow-Moving),5,881
23394,875,"0,02323%","91,15%",Kelas C (Slow-Moving),5,880
21243,874,"0,0232%","91,17%",Kelas C (Slow-Moving),5,879
22982,872,"0,02314%","91,19%",Kelas C (Slow-Moving),5,877
85032A,869,"0,02306%","91,22%",Kelas C (Slow-Moving),5,874
23694,867,"0,02302%","91,24%",Kelas C (Slow-Moving),5,872
22025,866,"0,02299%","91,26%",Kelas C (Slow-Moving),5,871
23397,866,"0,02297%","91,29%",Kelas C (Slow-Moving),5,871
62018,864,"0,02293%","91,31%",Kelas C (Slow-Moving),5,869
22566,864,"0,02292%","91,33%",Kelas C (Slow-Moving),5,869
22654,860,"0,02281%","91,35%",Kelas C (Slow-Moving),5,865
22924,860,"0,02281%","91,38%",Kelas C (Slow-Moving),5,865
21987,859,"0,0228%","91,4%",Kelas C (Slow-Moving),5,864
20961,857,"0,02273%","91,42%",Kelas C (Slow-Moving),5,862
20970,855,"0,02268%","91,45%",Kelas C (Slow-Moving),5,860
23163,853,"0,02263%","91,47%",Kelas C (Slow-Moving),5,858
22947,849,"0,02254%","91,49%",Kelas C (Slow-Moving),5,854
21524,848,"0,02249%","91,51%",Kelas C (Slow-Moving),5,853
35648,847,"0,02248%","91,54%",Kelas C (Slow-Moving),5,852
23536,847,"0,02248%","91,56%",Kelas C (Slow-Moving),5,852
22380,846,"0,02246%","91,58%",Kelas C (Slow-Moving),5,851
20829,842,"0,02236%","91,6%",Kelas C (Slow-Moving),5,847
22917,842,"0,02234%","91,63%",Kelas C (Slow-Moving),5,847
84971S,842,"0,02233%","91,65%",Kelas C (Slow-Moving),5,847
85071A,840,"0,0223%","91,67%",Kelas C (Slow-Moving),5,845
20986,838,"0,02225%","91,69%",Kelas C (Slow-Moving),5,843
22378,838,"0,02225%","91,71%",Kelas C (Slow-Moving),5,843
21844,833,"0,02211%","91,74%",Kelas C (Slow-Moving),5,838
22431,833,"0,02211%","91,76%",Kelas C (Slow-Moving),5,838
23237,832,"0,02207%","91,78%",Kelas C (Slow-Moving),5,837
22811,831,"0,02205%","91,8%",Kelas C (Slow-Moving),5,836
22687,829,"0,022%","91,83%",Kelas C (Slow-Moving),5,834
22403,827,"0,02193%","91,85%",Kelas C (Slow-Moving),5,832
22059,825,"0,02189%","91,87%",Kelas C (Slow-Moving),5,830
21356,823,"0,02185%","91,89%",Kelas C (Slow-Moving),5,828
23226,823,"0,02185%","91,91%",Kelas C (Slow-Moving),5,828
22821,823,"0,02184%","91,93%",Kelas C (Slow-Moving),5,828
21680,823,"0,02184%","91,96%",Kelas C (Slow-Moving),5,828
23080,822,"0,0218%","91,98%",Kelas C (Slow-Moving),5,827
20963,819,"0,02174%","92,0%",Kelas C (Slow-Moving),5,824
22965,816,"0,02166%","92,02%",Kelas C (Slow-Moving),5,821
22896,812,"0,02155%","92,04%",Kelas C (Slow-Moving),5,817
22311,808,"0,02145%","92,06%",Kelas C (Slow-Moving),5,813
21224,806,"0,02139%","92,09%",Kelas C (Slow-Moving),5,811
84406B,806,"0,02139%","92,11%",Kelas C (Slow-Moving),5,811
79066K,803,"0,02132%","92,13%",Kelas C (Slow-Moving),5,808
22984,802,"0,02128%","92,15%",Kelas C (Slow-Moving),5,807
22209,802,"0,02128%","92,17%",Kelas C (Slow-Moving),5,807
22129,799,"0,0212%","92,19%",Kelas C (Slow-Moving),5,804
21065,798,"0,02118%","92,21%",Kelas C (Slow-Moving),5,803
22100,797,"0,02115%","92,23%",Kelas C (Slow-Moving),5,802
48184,795,"0,02108%","92,26%",Kelas C (Slow-Moving),5,800
21012,789,"0,02093%","92,28%",Kelas C (Slow-Moving),5,794
85049H,788,"0,0209%","92,3%",Kelas C (Slow-Moving),5,793
82616B,787,"0,02088%","92,32%",Kelas C (Slow-Moving),5,792
22607,777,"0,02063%","92,34%",Kelas C (Slow-Moving),5,782
21428,776,"0,02059%","92,36%",Kelas C (Slow-Moving),5,781
22371,774,"0,02054%","92,38%",Kelas C (Slow-Moving),5,779
22613,773,"0,0205%","92,4%",Kelas C (Slow-Moving),5,778
70006,770,"0,02044%","92,42%",Kelas C (Slow-Moving),5,775
22550,770,"0,02043%","92,44%",Kelas C (Slow-Moving),5,775
23543,770,"0,02043%","92,46%",Kelas C (Slow-Moving),5,775
22591,765,"0,02031%","92,48%",Kelas C (Slow-Moving),5,770
23481,765,"0,02031%","92,5%",Kelas C (Slow-Moving),5,770
22211,765,"0,0203%","92,52%",Kelas C (Slow-Moving),5,770
22752,765,"0,0203%","92,54%",Kelas C (Slow-Moving),5,770
23550,762,"0,02021%","92,56%",Kelas C (Slow-Moving),5,767
72351A,761,"0,02019%","92,58%",Kelas C (Slow-Moving),5,766
37448,761,"0,02018%","92,6%",Kelas C (Slow-Moving),5,766
16225,759,"0,02014%","92,62%",Kelas C (Slow-Moving),5,764
22545,756,"0,02007%","92,64%",Kelas C (Slow-Moving),5,761
21804,755,"0,02005%","92,66%",Kelas C (Slow-Moving),5,760
22070,754,"0,02002%","92,68%",Kelas C (Slow-Moving),5,759
22916,753,"0,01999%","92,7%",Kelas C (Slow-Moving),5,758
22623,752,"0,01996%","92,72%",Kelas C (Slow-Moving),5,757
23131,751,"0,01993%","92,74%",Kelas C (Slow-Moving),5,756
23155,750,"0,0199%","92,76%",Kelas C (Slow-Moving),5,755
16048,748,"0,01986%","92,78%",Kelas C (Slow-Moving),5,753
22918,747,"0,01983%","92,8%",Kelas C (Slow-Moving),5,752
21718,747,"0,01982%","92,82%",Kelas C (Slow-Moving),5,752
22774,744,"0,01974%","92,84%",Kelas C (Slow-Moving),5,749
22807,743,"0,01972%","92,86%",Kelas C (Slow-Moving),5,748
20682,742,"0,01968%","92,88%",Kelas C (Slow-Moving),5,747
23048,741,"0,01966%","92,9%",Kelas C (Slow-Moving),5,746
35646,740,"0,01964%","92,92%",Kelas C (Slow-Moving),5,745
23457,739,"0,01962%","92,94%",Kelas C (Slow-Moving),5,744
22279,737,"0,01956%","92,96%",Kelas C (Slow-Moving),5,742
23525,737,"0,01955%","92,98%",Kelas C (Slow-Moving),5,742
16161U,736,"0,01953%","93,0%",Kelas C (Slow-Moving),5,741
72351B,733,"0,01946%","93,02%",Kelas C (Slow-Moving),5,738
84006,730,"0,01938%","93,04%",Kelas C (Slow-Moving),5,735
22801,725,"0,01924%","93,06%",Kelas C (Slow-Moving),5,730
21068,725,"0,01923%","93,08%",Kelas C (Slow-Moving),5,730
22170,722,"0,01916%","93,1%",Kelas C (Slow-Moving),5,727
23401,721,"0,01913%","93,12%",Kelas C (Slow-Moving),5,726
21504,720,"0,01909%","93,13%",Kelas C (Slow-Moving),5,725
21679,716,"0,01899%","93,15%",Kelas C (Slow-Moving),5,721
22191,715,"0,01897%","93,17%",Kelas C (Slow-Moving),5,720
22483,714,"0,01894%","93,19%",Kelas C (Slow-Moving),5,719
22193,713,"0,01891%","93,21%",Kelas C (Slow-Moving),5,718
23542,711,"0,01886%","93,23%",Kelas C (Slow-Moving),5,716
22784,708,"0,01878%","93,25%",Kelas C (Slow-Moving),5,713
22327,706,"0,01874%","93,27%",Kelas C (Slow-Moving),5,711
23517,703,"0,01866%","93,29%",Kelas C (Slow-Moving),5,708
23458,702,"0,01864%","93,3%",Kelas C (Slow-Moving),5,707
21714,702,"0,01862%","93,32%",Kelas C (Slow-Moving),5,707
23461,699,"0,01855%","93,34%",Kelas C (Slow-Moving),5,704
23527,695,"0,01844%","93,36%",Kelas C (Slow-Moving),5,700
22271,695,"0,01844%","93,38%",Kelas C (Slow-Moving),5,700
23239,695,"0,01843%","93,4%",Kelas C (Slow-Moving),5,700
23335,695,"0,01843%","93,42%",Kelas C (Slow-Moving),5,700
22747,694,"0,01841%","93,43%",Kelas C (Slow-Moving),5,699
85071C,694,"0,01841%","93,45%",Kelas C (Slow-Moving),5,699
85014A,693,"0,01839%","93,47%",Kelas C (Slow-Moving),5,698
16011,692,"0,01836%","93,49%",Kelas C (Slow-Moving),5,697
85231B,692,"0,01836%","93,51%",Kelas C (Slow-Moving),5,697
22671,689,"0,01827%","93,53%",Kelas C (Slow-Moving),5,694
23255,688,"0,01825%","93,54%",Kelas C (Slow-Moving),5,693
22780,686,"0,0182%","93,56%",Kelas C (Slow-Moving),5,691
22773,686,"0,0182%","93,58%",Kelas C (Slow-Moving),5,691
21329,685,"0,01819%","93,6%",Kelas C (Slow-Moving),5,690
16054,685,"0,01818%","93,62%",Kelas C (Slow-Moving),5,690
21327,685,"0,01818%","93,63%",Kelas C (Slow-Moving),5,690
84510A,683,"0,01811%","93,65%",Kelas C (Slow-Moving),5,688
22589,682,"0,01811%","93,67%",Kelas C (Slow-Moving),5,687
23218,682,"0,01811%","93,69%",Kelas C (Slow-Moving),5,687
22478,681,"0,01807%","93,71%",Kelas C (Slow-Moving),5,686
22230,681,"0,01807%","93,72%",Kelas C (Slow-Moving),5,686
23479,681,"0,01807%","93,74%",Kelas C (Slow-Moving),5,686
85036C,677,"0,01797%","93,76%",Kelas C (Slow-Moving),5,682
22692,677,"0,01796%","93,78%",Kelas C (Slow-Moving),5,682
21878,677,"0,01795%","93,8%",Kelas C (Slow-Moving),5,682
22396,674,"0,01788%","93,81%",Kelas C (Slow-Moving),5,679
85176,673,"0,01786%","93,83%",Kelas C (Slow-Moving),5,678
22231,668,"0,01771%","93,85%",Kelas C (Slow-Moving),5,673
22637,667,"0,01769%","93,87%",Kelas C (Slow-Moving),5,672
22975,667,"0,01769%","93,89%",Kelas C (Slow-Moving),5,672
22805,666,"0,01768%","93,9%",Kelas C (Slow-Moving),5,671
21259,666,"0,01766%","93,92%",Kelas C (Slow-Moving),5,671
22650,664,"0,01763%","93,94%",Kelas C (Slow-Moving),5,669
85032C,662,"0,01755%","93,96%",Kelas C (Slow-Moving),5,667
22776,659,"0,01749%","93,97%",Kelas C (Slow-Moving),5,664
21533,658,"0,01747%","93,99%",Kelas C (Slow-Moving),5,663
21126,658,"0,01745%","94,01%",Kelas C (Slow-Moving),5,663
22905,657,"0,01743%","94,03%",Kelas C (Slow-Moving),5,662
21988,656,"0,01741%","94,04%",Kelas C (Slow-Moving),5,661
22190,656,"0,01741%","94,06%",Kelas C (Slow-Moving),5,661
22922,655,"0,01738%","94,08%",Kelas C (Slow-Moving),5,660
20733,652,"0,01729%","94,1%",Kelas C (Slow-Moving),5,657
22986,651,"0,01727%","94,11%",Kelas C (Slow-Moving),5,656
22175,649,"0,01722%","94,13%",Kelas C (Slow-Moving),5,654
21744,648,"0,0172%","94,15%",Kelas C (Slow-Moving),5,653
84212,647,"0,01716%","94,16%",Kelas C (Slow-Moving),5,652
21947,641,"0,017%","94,18%",Kelas C (Slow-Moving),5,646
23127,640,"0,01699%","94,2%",Kelas C (Slow-Moving),5,645
22429,640,"0,01699%","94,22%",Kelas C (Slow-Moving),5,645
22690,640,"0,01697%","94,23%",Kelas C (Slow-Moving),5,645
23184,640,"0,01697%","94,25%",Kelas C (Slow-Moving),5,645
22689,640,"0,01697%","94,27%",Kelas C (Slow-Moving),5,645
21636,639,"0,01696%","94,28%",Kelas C (Slow-Moving),5,644
22529,638,"0,01694%","94,3%",Kelas C (Slow-Moving),5,643
22768,638,"0,01693%","94,32%",Kelas C (Slow-Moving),5,643
21774,636,"0,01687%","94,33%",Kelas C (Slow-Moving),5,641
23034,635,"0,01685%","94,35%",Kelas C (Slow-Moving),5,640
21452,632,"0,01676%","94,37%",Kelas C (Slow-Moving),5,637
85039B,631,"0,01673%","94,38%",Kelas C (Slow-Moving),5,636
22847,630,"0,01672%","94,4%",Kelas C (Slow-Moving),5,635
22499,627,"0,01663%","94,42%",Kelas C (Slow-Moving),5,632
22902,626,"0,01662%","94,43%",Kelas C (Slow-Moving),5,631
85183B,626,"0,01662%","94,45%",Kelas C (Slow-Moving),5,631
22758,625,"0,01658%","94,47%",Kelas C (Slow-Moving),5,630
22627,624,"0,01655%","94,48%",Kelas C (Slow-Moving),5,629
23338,623,"0,01653%","94,5%",Kelas C (Slow-Moving),5,628
21531,620,"0,01645%","94,52%",Kelas C (Slow-Moving),5,625
23661,619,"0,01642%","94,53%",Kelas C (Slow-Moving),5,624
22179,618,"0,01641%","94,55%",Kelas C (Slow-Moving),5,623
22973,618,"0,01641%","94,57%",Kelas C (Slow-Moving),5,623
21070,617,"0,01637%","94,58%",Kelas C (Slow-Moving),5,622
47590A,616,"0,01636%","94,6%",Kelas C (Slow-Moving),5,621
23597,616,"0,01634%","94,62%",Kelas C (Slow-Moving),5,621
22674,614,"0,0163%","94,63%",Kelas C (Slow-Moving),5,619
23085,614,"0,01628%","94,65%",Kelas C (Slow-Moving),5,619
82616C,612,"0,01624%","94,66%",Kelas C (Slow-Moving),5,617
20868,611,"0,01622%","94,68%",Kelas C (Slow-Moving),5,616
23086,611,"0,0162%","94,7%",Kelas C (Slow-Moving),5,616
21217,609,"0,01615%","94,71%",Kelas C (Slow-Moving),5,614
23568,608,"0,01614%","94,73%",Kelas C (Slow-Moving),5,613
22547,608,"0,01614%","94,75%",Kelas C (Slow-Moving),5,613
23314,608,"0,01614%","94,76%",Kelas C (Slow-Moving),5,613
23357,608,"0,01614%","94,78%",Kelas C (Slow-Moving),5,613
23074,608,"0,01614%","94,79%",Kelas C (Slow-Moving),5,613
21991,603,"0,016%","94,81%",Kelas C (Slow-Moving),5,608
20839,601,"0,01596%","94,83%",Kelas C (Slow-Moving),5,606
17084N,601,"0,01596%","94,84%",Kelas C (Slow-Moving),5,606
23470,601,"0,01595%","94,86%",Kelas C (Slow-Moving),5,606
84032A,599,"0,0159%","94,87%",Kelas C (Slow-Moving),5,604
22494,598,"0,01587%","94,89%",Kelas C (Slow-Moving),5,603
22023,595,"0,01578%","94,9%",Kelas C (Slow-Moving),5,600
22360,595,"0,01577%","94,92%",Kelas C (Slow-Moving),5,600
85039A,592,"0,01569%","94,94%",Kelas C (Slow-Moving),5,597
22132,591,"0,01569%","94,95%",Kelas C (Slow-Moving),5,596
22101,591,"0,01567%","94,97%",Kelas C (Slow-Moving),5,596
21561,590,"0,01564%","94,98%",Kelas C (Slow-Moving),5,595
22757,588,"0,0156%","95,0%",Kelas C (Slow-Moving),5,593
22622,586,"0,01554%","95,01%",Kelas C (Slow-Moving),5,591
21191,585,"0,01552%","95,03%",Kelas C (Slow-Moving),5,590
84519B,583,"0,01547%","95,05%",Kelas C (Slow-Moving),5,588
48111,581,"0,01543%","95,06%",Kelas C (Slow-Moving),5,586
21125,581,"0,01542%","95,08%",Kelas C (Slow-Moving),5,586
23418,580,"0,01539%","95,09%",Kelas C (Slow-Moving),5,585
22844,579,"0,01537%","95,11%",Kelas C (Slow-Moving),5,584
85049C,579,"0,01535%","95,12%",Kelas C (Slow-Moving),5,584
21949,578,"0,01533%","95,14%",Kelas C (Slow-Moving),5,583
23282,576,"0,01528%","95,15%",Kelas C (Slow-Moving),5,581
22107,575,"0,01525%","95,17%",Kelas C (Slow-Moving),5,580
21824,574,"0,01524%","95,18%",Kelas C (Slow-Moving),5,579
22721,574,"0,01523%","95,2%",Kelas C (Slow-Moving),5,579
22192,573,"0,01521%","95,21%",Kelas C (Slow-Moving),5,578
23400,572,"0,01519%","95,23%",Kelas C (Slow-Moving),5,577
22800,571,"0,01514%","95,24%",Kelas C (Slow-Moving),5,576
85038,568,"0,01507%","95,26%",Kelas C (Slow-Moving),5,573
23118,567,"0,01505%","95,27%",Kelas C (Slow-Moving),5,572
23405,567,"0,01504%","95,29%",Kelas C (Slow-Moving),5,572
21380,566,"0,015%","95,3%",Kelas C (Slow-Moving),5,571
22743,564,"0,01496%","95,32%",Kelas C (Slow-Moving),5,569
22121,561,"0,01489%","95,33%",Kelas C (Slow-Moving),5,566
85094,559,"0,01484%","95,35%",Kelas C (Slow-Moving),5,564
23529,559,"0,01484%","95,36%",Kelas C (Slow-Moving),5,564
21439,558,"0,0148%","95,38%",Kelas C (Slow-Moving),5,563
16258A,557,"0,01477%","95,39%",Kelas C (Slow-Moving),5,562
21260,555,"0,01471%","95,41%",Kelas C (Slow-Moving),5,560
22588,554,"0,01471%","95,42%",Kelas C (Slow-Moving),5,559
22701,554,"0,01469%","95,44%",Kelas C (Slow-Moving),5,559
21648,552,"0,01465%","95,45%",Kelas C (Slow-Moving),5,557
20866,552,"0,01465%","95,47%",Kelas C (Slow-Moving),5,557
22169,552,"0,01465%","95,48%",Kelas C (Slow-Moving),5,557
21111,552,"0,01464%","95,5%",Kelas C (Slow-Moving),5,557
22071,550,"0,01459%","95,51%",Kelas C (Slow-Moving),5,555
21677,548,"0,01454%","95,53%",Kelas C (Slow-Moving),5,553
22976,545,"0,01446%","95,54%",Kelas C (Slow-Moving),5,550
84792,545,"0,01445%","95,55%",Kelas C (Slow-Moving),5,550
22055,542,"0,01438%","95,57%",Kelas C (Slow-Moving),5,547
22262,539,"0,01429%","95,58%",Kelas C (Slow-Moving),5,544
47310M,539,"0,01429%","95,6%",Kelas C (Slow-Moving),5,544
21264,537,"0,01426%","95,61%",Kelas C (Slow-Moving),5,542
DOT,537,"0,01423%","95,63%",Kelas C (Slow-Moving),5,542
22840,535,"0,0142%","95,64%",Kelas C (Slow-Moving),5,540
23093,535,"0,01419%","95,65%",Kelas C (Slow-Moving),5,540
48173C,533,"0,01414%","95,67%",Kelas C (Slow-Moving),5,538
85114C,531,"0,01409%","95,68%",Kelas C (Slow-Moving),5,536
23402,531,"0,01408%","95,7%",Kelas C (Slow-Moving),5,536
23486,530,"0,01406%","95,71%",Kelas C (Slow-Moving),5,535
21812,525,"0,01392%","95,72%",Kelas C (Slow-Moving),5,530
21788,524,"0,0139%","95,74%",Kelas C (Slow-Moving),5,529
84032B,522,"0,01385%","95,75%",Kelas C (Slow-Moving),5,527
85111,520,"0,0138%","95,77%",Kelas C (Slow-Moving),5,525
23133,519,"0,01377%","95,78%",Kelas C (Slow-Moving),5,524
23415,518,"0,01375%","95,79%",Kelas C (Slow-Moving),5,523
21373,518,"0,01375%","95,81%",Kelas C (Slow-Moving),5,523
21257,518,"0,01374%","95,82%",Kelas C (Slow-Moving),5,523
21340,517,"0,01372%","95,83%",Kelas C (Slow-Moving),5,522
21675,516,"0,01369%","95,85%",Kelas C (Slow-Moving),5,521
47480,516,"0,01368%","95,86%",Kelas C (Slow-Moving),5,521
22434,511,"0,01355%","95,88%",Kelas C (Slow-Moving),5,516
22919,511,"0,01355%","95,89%",Kelas C (Slow-Moving),5,516
22313,510,"0,01354%","95,9%",Kelas C (Slow-Moving),5,515
22446,510,"0,01354%","95,92%",Kelas C (Slow-Moving),5,515
22532,509,"0,0135%","95,93%",Kelas C (Slow-Moving),5,514
85177,509,"0,01349%","95,94%",Kelas C (Slow-Moving),5,514
85071D,508,"0,01347%","95,96%",Kelas C (Slow-Moving),5,513
23491,507,"0,01346%","95,97%",Kelas C (Slow-Moving),5,512
23455,507,"0,01344%","95,98%",Kelas C (Slow-Moving),5,512
17012F,506,"0,01343%","96,0%",Kelas C (Slow-Moving),5,511
23033,506,"0,01342%","96,01%",Kelas C (Slow-Moving),5,511
20751,505,"0,0134%","96,02%",Kelas C (Slow-Moving),5,510
23081,505,"0,01339%","96,04%",Kelas C (Slow-Moving),5,510
17012D,505,"0,01339%","96,05%",Kelas C (Slow-Moving),5,510
22921,504,"0,01337%","96,06%",Kelas C (Slow-Moving),5,509
22744,504,"0,01337%","96,08%",Kelas C (Slow-Moving),5,509
21563,504,"0,01337%","96,09%",Kelas C (Slow-Moving),5,509
84509A,504,"0,01336%","96,1%",Kelas C (Slow-Moving),5,509
22089,503,"0,01335%","96,12%",Kelas C (Slow-Moving),5,508
85174,502,"0,01331%","96,13%",Kelas C (Slow-Moving),5,507
82567,498,"0,0132%","96,14%",Kelas C (Slow-Moving),5,503
22845,497,"0,01319%","96,16%",Kelas C (Slow-Moving),5,502
22134,497,"0,01317%","96,17%",Kelas C (Slow-Moving),5,502
22930,496,"0,01316%","96,18%",Kelas C (Slow-Moving),5,501
22315,496,"0,01315%","96,2%",Kelas C (Slow-Moving),5,501
22116,494,"0,01311%","96,21%",Kelas C (Slow-Moving),5,499
22923,494,"0,01309%","96,22%",Kelas C (Slow-Moving),5,499
21147,493,"0,01307%","96,24%",Kelas C (Slow-Moving),5,498
84519A,492,"0,01304%","96,25%",Kelas C (Slow-Moving),5,497
22946,491,"0,01302%","96,26%",Kelas C (Slow-Moving),5,496
22636,491,"0,01302%","96,28%",Kelas C (Slow-Moving),5,496
23431,490,"0,01299%","96,29%",Kelas C (Slow-Moving),5,495
22717,488,"0,01296%","96,3%",Kelas C (Slow-Moving),5,493
21894,488,"0,01294%","96,31%",Kelas C (Slow-Moving),5,493
22838,488,"0,01294%","96,33%",Kelas C (Slow-Moving),5,493
22781,487,"0,01293%","96,34%",Kelas C (Slow-Moving),5,492
79160,483,"0,01282%","96,35%",Kelas C (Slow-Moving),5,488
22669,483,"0,0128%","96,37%",Kelas C (Slow-Moving),5,488
22639,480,"0,01274%","96,38%",Kelas C (Slow-Moving),5,485
22424,478,"0,01269%","96,39%",Kelas C (Slow-Moving),5,483
22438,478,"0,01268%","96,4%",Kelas C (Slow-Moving),5,483
21905,473,"0,01255%","96,42%",Kelas C (Slow-Moving),5,478
22365,472,"0,01251%","96,43%",Kelas C (Slow-Moving),5,477
22361,471,"0,0125%","96,44%",Kelas C (Slow-Moving),5,476
21209,468,"0,01242%","96,45%",Kelas C (Slow-Moving),5,473
72800E,467,"0,01239%","96,47%",Kelas C (Slow-Moving),5,472
23244,466,"0,01236%","96,48%",Kelas C (Slow-Moving),5,471
22358,465,"0,01233%","96,49%",Kelas C (Slow-Moving),5,470
21773,465,"0,01233%","96,5%",Kelas C (Slow-Moving),5,470
21866,464,"0,0123%","96,52%",Kelas C (Slow-Moving),5,469
21064,463,"0,01228%","96,53%",Kelas C (Slow-Moving),5,468
22676,463,"0,01228%","96,54%",Kelas C (Slow-Moving),5,468
48116,462,"0,01225%","96,55%",Kelas C (Slow-Moving),5,467
21821,461,"0,01222%","96,56%",Kelas C (Slow-Moving),5,466
22723,461,"0,01222%","96,58%",Kelas C (Slow-Moving),5,466
23032,460,"0,01221%","96,59%",Kelas C (Slow-Moving),5,465
23061,458,"0,01215%","96,6%",Kelas C (Slow-Moving),5,463
22123,458,"0,01214%","96,61%",Kelas C (Slow-Moving),5,463
22635,458,"0,01214%","96,63%",Kelas C (Slow-Moving),5,463
22605,456,"0,01209%","96,64%",Kelas C (Slow-Moving),5,461
21903,456,"0,01209%","96,65%",Kelas C (Slow-Moving),5,461
23391,455,"0,01206%","96,66%",Kelas C (Slow-Moving),5,460
21207,454,"0,01205%","96,67%",Kelas C (Slow-Moving),5,459
84828,454,"0,01203%","96,69%",Kelas C (Slow-Moving),5,459
21167,452,"0,012%","96,7%",Kelas C (Slow-Moving),5,457
21471,452,"0,01199%","96,71%",Kelas C (Slow-Moving),5,457
23407,452,"0,01198%","96,72%",Kelas C (Slow-Moving),5,457
22312,450,"0,01194%","96,73%",Kelas C (Slow-Moving),5,455
23068,449,"0,0119%","96,75%",Kelas C (Slow-Moving),5,454
22057,449,"0,0119%","96,76%",Kelas C (Slow-Moving),5,454
85179A,447,"0,01185%","96,77%",Kelas C (Slow-Moving),5,452
23041,440,"0,01168%","96,78%",Kelas C (Slow-Moving),5,445
84559A,440,"0,01168%","96,79%",Kelas C (Slow-Moving),5,445
22445,440,"0,01167%","96,8%",Kelas C (Slow-Moving),5,445
23425,437,"0,01159%","96,82%",Kelas C (Slow-Moving),5,442
85062,436,"0,01156%","96,83%",Kelas C (Slow-Moving),5,441
37413,433,"0,01149%","96,84%",Kelas C (Slow-Moving),5,438
47563A,433,"0,01149%","96,85%",Kelas C (Slow-Moving),5,438
23528,432,"0,01145%","96,86%",Kelas C (Slow-Moving),5,437
22135,431,"0,01144%","96,87%",Kelas C (Slow-Moving),5,436
23496,430,"0,0114%","96,88%",Kelas C (Slow-Moving),5,435
23336,430,"0,0114%","96,9%",Kelas C (Slow-Moving),5,435
85232D,429,"0,01138%","96,91%",Kelas C (Slow-Moving),5,434
23115,428,"0,01136%","96,92%",Kelas C (Slow-Moving),5,433
23040,428,"0,01136%","96,93%",Kelas C (Slow-Moving),5,433
23547,428,"0,01136%","96,94%",Kelas C (Slow-Moving),5,433
22678,428,"0,01135%","96,95%",Kelas C (Slow-Moving),5,433
48129,426,"0,0113%","96,96%",Kelas C (Slow-Moving),5,431
22477,426,"0,0113%","96,98%",Kelas C (Slow-Moving),5,431
23408,426,"0,01129%","96,99%",Kelas C (Slow-Moving),5,431
21358,425,"0,01128%","97,0%",Kelas C (Slow-Moving),5,430
22664,425,"0,01126%","97,01%",Kelas C (Slow-Moving),5,430
85107,423,"0,01123%","97,02%",Kelas C (Slow-Moving),5,428
21383,421,"0,01117%","97,03%",Kelas C (Slow-Moving),5,426
22688,420,"0,01114%","97,04%",Kelas C (Slow-Moving),5,425
22582,420,"0,01113%","97,05%",Kelas C (Slow-Moving),5,425
23146,418,"0,01108%","97,06%",Kelas C (Slow-Moving),5,423
21756,418,"0,01107%","97,08%",Kelas C (Slow-Moving),5,423
22680,416,"0,01105%","97,09%",Kelas C (Slow-Moving),5,421
16016,416,"0,01103%","97,1%",Kelas C (Slow-Moving),5,421
21873,416,"0,01102%","97,11%",Kelas C (Slow-Moving),5,421
23112,415,"0,011%","97,12%",Kelas C (Slow-Moving),5,420
22481,414,"0,01099%","97,13%",Kelas C (Slow-Moving),5,419
21403,413,"0,01095%","97,14%",Kelas C (Slow-Moving),5,418
22893,411,"0,01089%","97,15%",Kelas C (Slow-Moving),5,416
79190A,410,"0,01088%","97,16%",Kelas C (Slow-Moving),5,415
85040A,410,"0,01088%","97,17%",Kelas C (Slow-Moving),5,415
21992,410,"0,01087%","97,19%",Kelas C (Slow-Moving),5,415
72598,408,"0,01082%","97,2%",Kelas C (Slow-Moving),5,413
21306,404,"0,01072%","97,21%",Kelas C (Slow-Moving),5,409
22634,404,"0,01072%","97,22%",Kelas C (Slow-Moving),5,409
21881,404,"0,01071%","97,23%",Kelas C (Slow-Moving),5,409
20846,403,"0,0107%","97,24%",Kelas C (Slow-Moving),5,408
21201,403,"0,01069%","97,25%",Kelas C (Slow-Moving),5,408
21208,403,"0,01069%","97,26%",Kelas C (Slow-Moving),5,408
22310,403,"0,01068%","97,27%",Kelas C (Slow-Moving),5,408
23087,403,"0,01068%","97,28%",Kelas C (Slow-Moving),5,408
21820,401,"0,01063%","97,29%",Kelas C (Slow-Moving),5,406
22343,399,"0,01058%","97,3%",Kelas C (Slow-Moving),5,404
22949,399,"0,01057%","97,31%",Kelas C (Slow-Moving),5,404
23456,398,"0,01056%","97,32%",Kelas C (Slow-Moving),5,403
23416,397,"0,01053%","97,33%",Kelas C (Slow-Moving),5,402
21945,397,"0,01052%","97,35%",Kelas C (Slow-Moving),5,402
21463,396,"0,01049%","97,36%",Kelas C (Slow-Moving),5,401
21864,395,"0,01049%","97,37%",Kelas C (Slow-Moving),5,400
22846,395,"0,01048%","97,38%",Kelas C (Slow-Moving),5,400
35598B,395,"0,01048%","97,39%",Kelas C (Slow-Moving),5,400
21715,395,"0,01047%","97,4%",Kelas C (Slow-Moving),5,400
22487,395,"0,01046%","97,41%",Kelas C (Slow-Moving),5,400
22374,394,"0,01045%","97,42%",Kelas C (Slow-Moving),5,399
21739,393,"0,01041%","97,43%",Kelas C (Slow-Moving),5,398
21262,392,"0,0104%","97,44%",Kelas C (Slow-Moving),5,397
23088,392,"0,0104%","97,45%",Kelas C (Slow-Moving),5,397
21116,390,"0,01033%","97,46%",Kelas C (Slow-Moving),5,395
21411,388,"0,0103%","97,47%",Kelas C (Slow-Moving),5,393
23341,387,"0,01027%","97,48%",Kelas C (Slow-Moving),5,392
21258,387,"0,01027%","97,49%",Kelas C (Slow-Moving),5,392
23454,387,"0,01026%","97,5%",Kelas C (Slow-Moving),5,392
22756,386,"0,01025%","97,51%",Kelas C (Slow-Moving),5,391
23485,386,"0,01024%","97,52%",Kelas C (Slow-Moving),5,391
21789,386,"0,01023%","97,53%",Kelas C (Slow-Moving),5,391
20832,386,"0,01023%","97,54%",Kelas C (Slow-Moving),5,391
22332,385,"0,01021%","97,55%",Kelas C (Slow-Moving),5,390
22222,385,"0,01021%","97,56%",Kelas C (Slow-Moving),5,390
22068,383,"0,01015%","97,57%",Kelas C (Slow-Moving),5,388
21745,381,"0,01009%","97,58%",Kelas C (Slow-Moving),5,386
22904,379,"0,01004%","97,59%",Kelas C (Slow-Moving),5,384
22357,375,"0,00994%","97,6%",Kelas C (Slow-Moving),5,380
22767,374,"0,00992%","97,61%",Kelas C (Slow-Moving),5,379
85025B,372,"0,00986%","97,62%",Kelas C (Slow-Moving),5,377
84580,370,"0,00982%","97,63%",Kelas C (Slow-Moving),5,375
23252,370,"0,00982%","97,64%",Kelas C (Slow-Moving),5,375
22426,368,"0,00976%","97,65%",Kelas C (Slow-Moving),5,373
20931,366,"0,0097%","97,66%",Kelas C (Slow-Moving),5,371
22675,364,"0,00965%","97,67%",Kelas C (Slow-Moving),5,369
23113,362,"0,0096%","97,68%",Kelas C (Slow-Moving),5,367
23110,362,"0,00959%","97,69%",Kelas C (Slow-Moving),5,367
22314,359,"0,00953%","97,7%",Kelas C (Slow-Moving),5,364
21530,359,"0,00952%","97,71%",Kelas C (Slow-Moving),5,364
22703,359,"0,00952%","97,72%",Kelas C (Slow-Moving),5,364
37446,359,"0,00952%","97,73%",Kelas C (Slow-Moving),5,364
23342,359,"0,00951%","97,74%",Kelas C (Slow-Moving),5,364
23422,358,"0,0095%","97,75%",Kelas C (Slow-Moving),5,363
21189,356,"0,00943%","97,76%",Kelas C (Slow-Moving),5,361
23521,356,"0,00943%","97,77%",Kelas C (Slow-Moving),5,361
22981,355,"0,00941%","97,78%",Kelas C (Slow-Moving),5,360
22228,352,"0,00934%","97,79%",Kelas C (Slow-Moving),5,357
21944,352,"0,00933%","97,79%",Kelas C (Slow-Moving),5,357
23272,351,"0,0093%","97,8%",Kelas C (Slow-Moving),5,356
22224,351,"0,0093%","97,81%",Kelas C (Slow-Moving),5,356
22473,347,"0,00921%","97,82%",Kelas C (Slow-Moving),5,352
22977,347,"0,0092%","97,83%",Kelas C (Slow-Moving),5,352
23484,347,"0,00919%","97,84%",Kelas C (Slow-Moving),5,352
21115,346,"0,00918%","97,85%",Kelas C (Slow-Moving),5,351
23092,345,"0,00916%","97,86%",Kelas C (Slow-Moving),5,350
22468,339,"0,009%","97,87%",Kelas C (Slow-Moving),5,344
22686,337,"0,00893%","97,88%",Kelas C (Slow-Moving),5,342
23492,336,"0,00891%","97,89%",Kelas C (Slow-Moving),5,341
23128,333,"0,00884%","97,89%",Kelas C (Slow-Moving),5,338
22406,328,"0,00871%","97,9%",Kelas C (Slow-Moving),5,333
20777,327,"0,00868%","97,91%",Kelas C (Slow-Moving),5,332
90057,327,"0,00867%","97,92%",Kelas C (Slow-Moving),5,332
21948,326,"0,00864%","97,93%",Kelas C (Slow-Moving),5,331
21114,323,"0,00856%","97,94%",Kelas C (Slow-Moving),5,328
22796,323,"0,00855%","97,95%",Kelas C (Slow-Moving),5,328
22366,322,"0,00853%","97,96%",Kelas C (Slow-Moving),5,327
85184C,321,"0,0085%","97,96%",Kelas C (Slow-Moving),5,326
22928,320,"0,00849%","97,97%",Kelas C (Slow-Moving),5,325
23553,320,"0,00849%","97,98%",Kelas C (Slow-Moving),5,325
22309,319,"0,00847%","97,99%",Kelas C (Slow-Moving),5,324
72799E,319,"0,00847%","98,0%",Kelas C (Slow-Moving),5,324
21883,319,"0,00846%","98,01%",Kelas C (Slow-Moving),5,324
23007,318,"0,00844%","98,01%",Kelas C (Slow-Moving),5,323
22069,316,"0,00839%","98,02%",Kelas C (Slow-Moving),5,321
21828,315,"0,00835%","98,03%",Kelas C (Slow-Moving),5,320
22742,314,"0,00833%","98,04%",Kelas C (Slow-Moving),5,319
79191C,314,"0,00832%","98,05%",Kelas C (Slow-Moving),5,319
23423,313,"0,00829%","98,06%",Kelas C (Slow-Moving),5,318
79190B,313,"0,00829%","98,06%",Kelas C (Slow-Moving),5,318
22072,313,"0,00828%","98,07%",Kelas C (Slow-Moving),5,318
23579,312,"0,00827%","98,08%",Kelas C (Slow-Moving),5,317
15056P,312,"0,00826%","98,09%",Kelas C (Slow-Moving),5,317
23039,311,"0,00823%","98,1%",Kelas C (Slow-Moving),5,316
20755,310,"0,00822%","98,11%",Kelas C (Slow-Moving),5,315
21249,308,"0,00815%","98,11%",Kelas C (Slow-Moving),5,313
23316,307,"0,00815%","98,12%",Kelas C (Slow-Moving),5,312
21109,307,"0,00814%","98,13%",Kelas C (Slow-Moving),5,312
22280,305,"0,00808%","98,14%",Kelas C (Slow-Moving),5,310
23249,305,"0,00808%","98,15%",Kelas C (Slow-Moving),5,310
85131D,304,"0,00806%","98,15%",Kelas C (Slow-Moving),5,309
21577,302,"0,008%","98,16%",Kelas C (Slow-Moving),5,307
72122,300,"0,00795%","98,17%",Kelas C (Slow-Moving),5,305
85179C,299,"0,00793%","98,18%",Kelas C (Slow-Moving),5,304
23075,299,"0,00792%","98,19%",Kelas C (Slow-Moving),5,304
22583,299,"0,00791%","98,19%",Kelas C (Slow-Moving),5,304
22679,298,"0,0079%","98,2%",Kelas C (Slow-Moving),5,303
22471,297,"0,00787%","98,21%",Kelas C (Slow-Moving),5,302
22217,295,"0,00781%","98,22%",Kelas C (Slow-Moving),5,300
22199,294,"0,0078%","98,23%",Kelas C (Slow-Moving),5,299
21220,294,"0,00779%","98,23%",Kelas C (Slow-Moving),5,299
21365,291,"0,00771%","98,24%",Kelas C (Slow-Moving),5,296
48188,290,"0,00769%","98,25%",Kelas C (Slow-Moving),5,295
21730,290,"0,00768%","98,26%",Kelas C (Slow-Moving),5,295
47567B,289,"0,00765%","98,26%",Kelas C (Slow-Moving),5,294
21942,288,"0,00764%","98,27%",Kelas C (Slow-Moving),5,293
23518,287,"0,00761%","98,28%",Kelas C (Slow-Moving),5,292
21288,287,"0,0076%","98,29%",Kelas C (Slow-Moving),5,292
84199,286,"0,00759%","98,29%",Kelas C (Slow-Moving),5,291
22350,285,"0,00757%","98,3%",Kelas C (Slow-Moving),5,290
37449,285,"0,00756%","98,31%",Kelas C (Slow-Moving),5,290
22985,285,"0,00756%","98,32%",Kelas C (Slow-Moving),5,290
21219,285,"0,00756%","98,32%",Kelas C (Slow-Moving),5,290
23299,283,"0,0075%","98,33%",Kelas C (Slow-Moving),5,288
22200,283,"0,00749%","98,34%",Kelas C (Slow-Moving),5,288
21557,282,"0,00747%","98,35%",Kelas C (Slow-Moving),5,287
21382,281,"0,00745%","98,35%",Kelas C (Slow-Moving),5,286
22372,276,"0,00731%","98,36%",Kelas C (Slow-Moving),5,281
23460,274,"0,00727%","98,37%",Kelas C (Slow-Moving),5,279
37500,273,"0,00725%","98,38%",Kelas C (Slow-Moving),5,278
85204,273,"0,00723%","98,38%",Kelas C (Slow-Moving),5,278
23411,272,"0,00722%","98,39%",Kelas C (Slow-Moving),5,277
22081,270,"0,00714%","98,4%",Kelas C (Slow-Moving),5,275
22120,268,"0,00711%","98,41%",Kelas C (Slow-Moving),5,273
85131B,268,"0,00709%","98,41%",Kelas C (Slow-Moving),5,273
21026,266,"0,00704%","98,42%",Kelas C (Slow-Moving),5,271
22031,265,"0,00703%","98,43%",Kelas C (Slow-Moving),5,270
22233,265,"0,00703%","98,43%",Kelas C (Slow-Moving),5,270
23337,264,"0,007%","98,44%",Kelas C (Slow-Moving),5,269
21638,264,"0,00699%","98,45%",Kelas C (Slow-Moving),5,269
22931,264,"0,00699%","98,45%",Kelas C (Slow-Moving),5,269
21808,263,"0,00698%","98,46%",Kelas C (Slow-Moving),5,268
22990,263,"0,00697%","98,47%",Kelas C (Slow-Moving),5,268
22911,262,"0,00695%","98,48%",Kelas C (Slow-Moving),5,267
85173,261,"0,00692%","98,48%",Kelas C (Slow-Moving),5,266
22104,261,"0,00691%","98,49%",Kelas C (Slow-Moving),5,266
22261,260,"0,0069%","98,5%",Kelas C (Slow-Moving),5,265
21222,258,"0,00683%","98,5%",Kelas C (Slow-Moving),5,263
23459,257,"0,00682%","98,51%",Kelas C (Slow-Moving),5,262
23009,256,"0,00679%","98,52%",Kelas C (Slow-Moving),5,261
85230B,255,"0,00676%","98,52%",Kelas C (Slow-Moving),5,260
22474,255,"0,00676%","98,53%",Kelas C (Slow-Moving),5,260
21955,255,"0,00676%","98,54%",Kelas C (Slow-Moving),5,260
84969,254,"0,00673%","98,54%",Kelas C (Slow-Moving),5,259
21112,253,"0,00671%","98,55%",Kelas C (Slow-Moving),5,258
22891,253,"0,0067%","98,56%",Kelas C (Slow-Moving),5,258
22652,253,"0,0067%","98,56%",Kelas C (Slow-Moving),5,258
23339,252,"0,00667%","98,57%",Kelas C (Slow-Moving),5,257
35971,252,"0,00667%","98,58%",Kelas C (Slow-Moving),5,257
22389,252,"0,00667%","98,58%",Kelas C (Slow-Moving),5,257
22308,251,"0,00666%","98,59%",Kelas C (Slow-Moving),5,256
22839,251,"0,00665%","98,6%",Kelas C (Slow-Moving),5,256
22349,250,"0,00663%","98,6%",Kelas C (Slow-Moving),5,255
22425,250,"0,00662%","98,61%",Kelas C (Slow-Moving),5,255
22475,250,"0,00661%","98,62%",Kelas C (Slow-Moving),5,255
22495,250,"0,00661%","98,62%",Kelas C (Slow-Moving),5,255
84031A,249,"0,0066%","98,63%",Kelas C (Slow-Moving),5,254
84951B,249,"0,00659%","98,64%",Kelas C (Slow-Moving),5,254
21107,249,"0,00659%","98,64%",Kelas C (Slow-Moving),5,254
22841,247,"0,00654%","98,65%",Kelas C (Slow-Moving),5,252
23111,247,"0,00653%","98,66%",Kelas C (Slow-Moving),5,252
21245,245,"0,00648%","98,66%",Kelas C (Slow-Moving),5,250
21867,243,"0,00643%","98,67%",Kelas C (Slow-Moving),5,248
22649,242,"0,00642%","98,68%",Kelas C (Slow-Moving),5,247
23079,242,"0,0064%","98,68%",Kelas C (Slow-Moving),5,247
46776F,242,"0,0064%","98,69%",Kelas C (Slow-Moving),5,247
21775,241,"0,00638%","98,69%",Kelas C (Slow-Moving),5,246
22375,238,"0,00632%","98,7%",Kelas C (Slow-Moving),5,243
21555,238,"0,00631%","98,71%",Kelas C (Slow-Moving),5,243
23558,238,"0,00631%","98,71%",Kelas C (Slow-Moving),5,243
22278,236,"0,00626%","98,72%",Kelas C (Slow-Moving),5,241
22642,236,"0,00625%","98,73%",Kelas C (Slow-Moving),5,241
22319,235,"0,00623%","98,73%",Kelas C (Slow-Moving),5,240
21446,232,"0,00616%","98,74%",Kelas C (Slow-Moving),5,237
20775,232,"0,00614%","98,74%",Kelas C (Slow-Moving),5,237
22628,232,"0,00614%","98,75%",Kelas C (Slow-Moving),5,237
22061,231,"0,00612%","98,76%",Kelas C (Slow-Moving),5,236
22863,229,"0,00608%","98,76%",Kelas C (Slow-Moving),5,234
22575,229,"0,00607%","98,77%",Kelas C (Slow-Moving),5,234
84927F,229,"0,00606%","98,77%",Kelas C (Slow-Moving),5,234
22133,228,"0,00605%","98,78%",Kelas C (Slow-Moving),5,233
22232,228,"0,00605%","98,79%",Kelas C (Slow-Moving),5,233
22711,228,"0,00603%","98,79%",Kelas C (Slow-Moving),5,233
84279P,227,"0,00603%","98,8%",Kelas C (Slow-Moving),5,232
21617,227,"0,00601%","98,81%",Kelas C (Slow-Moving),5,232
17038,225,"0,00595%","98,81%",Kelas C (Slow-Moving),5,230
23164,224,"0,00594%","98,82%",Kelas C (Slow-Moving),5,229
22903,223,"0,00591%","98,82%",Kelas C (Slow-Moving),5,228
22260,222,"0,00589%","98,83%",Kelas C (Slow-Moving),5,227
22681,221,"0,00585%","98,83%",Kelas C (Slow-Moving),5,226
23315,219,"0,00581%","98,84%",Kelas C (Slow-Moving),5,224
47566B,214,"0,00568%","98,85%",Kelas C (Slow-Moving),5,219
22543,214,"0,00568%","98,85%",Kelas C (Slow-Moving),5,219
84078A,213,"0,00565%","98,86%",Kelas C (Slow-Moving),5,218
23554,213,"0,00564%","98,86%",Kelas C (Slow-Moving),5,218
85114B,213,"0,00563%","98,87%",Kelas C (Slow-Moving),5,218
21063,212,"0,00562%","98,87%",Kelas C (Slow-Moving),5,217
85183A,212,"0,00562%","98,88%",Kelas C (Slow-Moving),5,217
23487,211,"0,0056%","98,89%",Kelas C (Slow-Moving),5,216
23421,211,"0,00558%","98,89%",Kelas C (Slow-Moving),5,216
21698,211,"0,00558%","98,9%",Kelas C (Slow-Moving),5,216
21263,211,"0,00558%","98,9%",Kelas C (Slow-Moving),5,216
22842,211,"0,00558%","98,91%",Kelas C (Slow-Moving),5,216
23235,210,"0,00556%","98,91%",Kelas C (Slow-Moving),5,215
85199L,208,"0,00552%","98,92%",Kelas C (Slow-Moving),5,213
21684,207,"0,00549%","98,92%",Kelas C (Slow-Moving),5,212
23520,207,"0,00549%","98,93%",Kelas C (Slow-Moving),5,212
22682,207,"0,00548%","98,94%",Kelas C (Slow-Moving),5,212
21913,207,"0,00548%","98,94%",Kelas C (Slow-Moving),5,212
22203,205,"0,00543%","98,95%",Kelas C (Slow-Moving),5,210
17012C,205,"0,00542%","98,95%",Kelas C (Slow-Moving),5,210
23523,204,"0,00539%","98,96%",Kelas C (Slow-Moving),5,209
22523,203,"0,00537%","98,96%",Kelas C (Slow-Moving),5,208
21058,202,"0,00536%","98,97%",Kelas C (Slow-Moving),5,207
22042,202,"0,00535%","98,97%",Kelas C (Slow-Moving),5,207
85185B,202,"0,00534%","98,98%",Kelas C (Slow-Moving),5,207
21927,202,"0,00534%","98,98%",Kelas C (Slow-Moving),5,207
22106,201,"0,00533%","98,99%",Kelas C (Slow-Moving),5,206
46776B,201,"0,00532%","98,99%",Kelas C (Slow-Moving),5,206
20764,200,"0,0053%","99,0%",Kelas C (Slow-Moving),5,205
23522,199,"0,00527%","99,01%",Kelas C (Slow-Moving),5,204
23548,199,"0,00527%","99,01%",Kelas C (Slow-Moving),5,204
84876B,198,"0,00524%","99,02%",Kelas C (Slow-Moving),5,203
22119,197,"0,00522%","99,02%",Kelas C (Slow-Moving),5,202
21742,196,"0,00518%","99,03%",Kelas C (Slow-Moving),5,201
23428,194,"0,00513%","99,03%",Kelas C (Slow-Moving),5,199
22691,193,"0,00512%","99,04%",Kelas C (Slow-Moving),5,198
23117,193,"0,00512%","99,04%",Kelas C (Slow-Moving),5,198
22342,193,"0,00511%","99,05%",Kelas C (Slow-Moving),5,198
22831,192,"0,0051%","99,05%",Kelas C (Slow-Moving),5,197
22362,191,"0,00506%","99,06%",Kelas C (Slow-Moving),5,196
22939,191,"0,00506%","99,06%",Kelas C (Slow-Moving),5,196
21039,191,"0,00505%","99,07%",Kelas C (Slow-Moving),5,196
21666,190,"0,00503%","99,07%",Kelas C (Slow-Moving),5,195
84031B,190,"0,00502%","99,08%",Kelas C (Slow-Moving),5,195
22165,189,"0,00501%","99,08%",Kelas C (Slow-Moving),5,194
22890,187,"0,00496%","99,09%",Kelas C (Slow-Moving),5,192
46776A,187,"0,00495%","99,09%",Kelas C (Slow-Moving),5,192
22108,186,"0,00492%","99,1%",Kelas C (Slow-Moving),5,191
22476,186,"0,00492%","99,1%",Kelas C (Slow-Moving),5,191
21466,184,"0,00488%","99,11%",Kelas C (Slow-Moving),5,189
84997d,184,"0,00486%","99,11%",Kelas C (Slow-Moving),5,189
23462,183,"0,00486%","99,12%",Kelas C (Slow-Moving),5,188
21625,183,"0,00485%","99,12%",Kelas C (Slow-Moving),5,188
21285,183,"0,00484%","99,13%",Kelas C (Slow-Moving),5,188
20767,182,"0,00483%","99,13%",Kelas C (Slow-Moving),5,187
22626,182,"0,00483%","99,14%",Kelas C (Slow-Moving),5,187
22707,182,"0,00481%","99,14%",Kelas C (Slow-Moving),5,187
85170D,181,"0,0048%","99,15%",Kelas C (Slow-Moving),5,186
22778,181,"0,00479%","99,15%",Kelas C (Slow-Moving),5,186
C2,180,"0,00475%","99,15%",Kelas C (Slow-Moving),5,185
23420,179,"0,00475%","99,16%",Kelas C (Slow-Moving),5,184
21846,179,"0,00475%","99,16%",Kelas C (Slow-Moving),5,184
23114,179,"0,00473%","99,17%",Kelas C (Slow-Moving),5,184
23183,178,"0,00472%","99,17%",Kelas C (Slow-Moving),5,183
84558A,178,"0,00472%","99,18%",Kelas C (Slow-Moving),5,183
21066,178,"0,00471%","99,18%",Kelas C (Slow-Moving),5,183
23556,177,"0,00468%","99,19%",Kelas C (Slow-Moving),5,182
23516,177,"0,00467%","99,19%",Kelas C (Slow-Moving),5,182
22364,176,"0,00466%","99,2%",Kelas C (Slow-Moving),5,181
22390,176,"0,00466%","99,2%",Kelas C (Slow-Moving),5,181
22377,176,"0,00465%","99,21%",Kelas C (Slow-Moving),5,181
23324,174,"0,00462%","99,21%",Kelas C (Slow-Moving),5,179
72760B,174,"0,0046%","99,22%",Kelas C (Slow-Moving),5,179
22252,174,"0,0046%","99,22%",Kelas C (Slow-Moving),5,179
84997b,173,"0,00458%","99,22%",Kelas C (Slow-Moving),5,178
22485,173,"0,00457%","99,23%",Kelas C (Slow-Moving),5,178
84997c,172,"0,00455%","99,23%",Kelas C (Slow-Moving),5,177
22324,171,"0,00454%","99,24%",Kelas C (Slow-Moving),5,176
20669,171,"0,00453%","99,24%",Kelas C (Slow-Moving),5,176
22345,170,"0,00451%","99,25%",Kelas C (Slow-Moving),5,175
22063,170,"0,0045%","99,25%",Kelas C (Slow-Moving),5,175
23067,169,"0,00448%","99,26%",Kelas C (Slow-Moving),5,174
23317,169,"0,00448%","99,26%",Kelas C (Slow-Moving),5,174
23178,168,"0,00446%","99,27%",Kelas C (Slow-Moving),5,173
22321,167,"0,00443%","99,27%",Kelas C (Slow-Moving),5,172
35598D,165,"0,00438%","99,27%",Kelas C (Slow-Moving),5,170
47578A,165,"0,00437%","99,28%",Kelas C (Slow-Moving),5,170
22167,165,"0,00437%","99,28%",Kelas C (Slow-Moving),5,170
23544,165,"0,00437%","99,29%",Kelas C (Slow-Moving),5,170
22638,165,"0,00437%","99,29%",Kelas C (Slow-Moving),5,170
84912B,165,"0,00437%","99,3%",Kelas C (Slow-Moving),5,170
46118,165,"0,00437%","99,3%",Kelas C (Slow-Moving),5,170
22683,164,"0,00435%","99,3%",Kelas C (Slow-Moving),5,169
23555,163,"0,00433%","99,31%",Kelas C (Slow-Moving),5,168
82001s,163,"0,00432%","99,31%",Kelas C (Slow-Moving),5,168
21055,162,"0,00429%","99,32%",Kelas C (Slow-Moving),5,167
21470,162,"0,00428%","99,32%",Kelas C (Slow-Moving),5,167
23026,161,"0,00427%","99,33%",Kelas C (Slow-Moving),5,166
85034A,159,"0,00422%","99,33%",Kelas C (Slow-Moving),5,164
21906,159,"0,0042%","99,33%",Kelas C (Slow-Moving),5,164
22414,158,"0,00419%","99,34%",Kelas C (Slow-Moving),5,163
37447,158,"0,00419%","99,34%",Kelas C (Slow-Moving),5,163
22216,158,"0,00418%","99,35%",Kelas C (Slow-Moving),5,163
22346,157,"0,00416%","99,35%",Kelas C (Slow-Moving),5,162
22729,156,"0,00412%","99,36%",Kelas C (Slow-Moving),5,161
22789,156,"0,00412%","99,36%",Kelas C (Slow-Moving),5,161
79051A,155,"0,0041%","99,36%",Kelas C (Slow-Moving),5,160
23010,155,"0,0041%","99,37%",Kelas C (Slow-Moving),5,160
22255,154,"0,00408%","99,37%",Kelas C (Slow-Moving),5,159
20754,154,"0,00407%","99,38%",Kelas C (Slow-Moving),5,159
22511,154,"0,00406%","99,38%",Kelas C (Slow-Moving),5,159
22718,153,"0,00406%","99,38%",Kelas C (Slow-Moving),5,158
22559,153,"0,00404%","99,39%",Kelas C (Slow-Moving),5,158
22496,152,"0,00403%","99,39%",Kelas C (Slow-Moving),5,157
21284,152,"0,00403%","99,4%",Kelas C (Slow-Moving),5,157
79302M,152,"0,00402%","99,4%",Kelas C (Slow-Moving),5,157
22665,151,"0,004%","99,4%",Kelas C (Slow-Moving),5,156
21707,151,"0,00399%","99,41%",Kelas C (Slow-Moving),5,156
21408,151,"0,00398%","99,41%",Kelas C (Slow-Moving),5,156
22660,150,"0,00398%","99,42%",Kelas C (Slow-Moving),5,155
22514,150,"0,00397%","99,42%",Kelas C (Slow-Moving),5,155
22677,149,"0,00396%","99,42%",Kelas C (Slow-Moving),5,154
21464,148,"0,00391%","99,43%",Kelas C (Slow-Moving),5,153
21056,148,"0,0039%","99,43%",Kelas C (Slow-Moving),5,153
22472,147,"0,0039%","99,44%",Kelas C (Slow-Moving),5,152
22277,146,"0,00387%","99,44%",Kelas C (Slow-Moving),5,151
22118,145,"0,00382%","99,44%",Kelas C (Slow-Moving),5,150
22393,144,"0,0038%","99,45%",Kelas C (Slow-Moving),5,149
23106,144,"0,0038%","99,45%",Kelas C (Slow-Moving),5,149
21865,143,"0,00379%","99,46%",Kelas C (Slow-Moving),5,148
22968,142,"0,00377%","99,46%",Kelas C (Slow-Moving),5,147
22269,142,"0,00376%","99,46%",Kelas C (Slow-Moving),5,147
23413,142,"0,00375%","99,47%",Kelas C (Slow-Moving),5,147
22843,142,"0,00375%","99,47%",Kelas C (Slow-Moving),5,147
22117,140,"0,0037%","99,47%",Kelas C (Slow-Moving),5,145
23414,140,"0,00369%","99,48%",Kelas C (Slow-Moving),5,145
21793,140,"0,00369%","99,48%",Kelas C (Slow-Moving),5,145
72807B,139,"0,00369%","99,48%",Kelas C (Slow-Moving),5,144
84923,137,"0,00364%","99,49%",Kelas C (Slow-Moving),5,142
21624,137,"0,00363%","99,49%",Kelas C (Slow-Moving),5,142
21025,137,"0,00362%","99,5%",Kelas C (Slow-Moving),5,142
35599B,137,"0,00362%","99,5%",Kelas C (Slow-Moving),5,142
21028,136,"0,00361%","99,5%",Kelas C (Slow-Moving),5,141
71270,136,"0,0036%","99,51%",Kelas C (Slow-Moving),5,141
85059,136,"0,00359%","99,51%",Kelas C (Slow-Moving),5,141
22953,136,"0,00359%","99,51%",Kelas C (Slow-Moving),5,141
23107,135,"0,00358%","99,52%",Kelas C (Slow-Moving),5,140
23008,135,"0,00358%","99,52%",Kelas C (Slow-Moving),5,140
22410,134,"0,00354%","99,52%",Kelas C (Slow-Moving),5,139
22215,134,"0,00354%","99,53%",Kelas C (Slow-Moving),5,139
23052,130,"0,00345%","99,53%",Kelas C (Slow-Moving),5,135
21354,130,"0,00343%","99,53%",Kelas C (Slow-Moving),5,135
84581,128,"0,00339%","99,54%",Kelas C (Slow-Moving),5,133
21724,128,"0,00338%","99,54%",Kelas C (Slow-Moving),5,133
20615,126,"0,00334%","99,54%",Kelas C (Slow-Moving),5,131
22283,126,"0,00333%","99,55%",Kelas C (Slow-Moving),5,131
22405,125,"0,00332%","99,55%",Kelas C (Slow-Moving),5,130
23060,125,"0,00332%","99,55%",Kelas C (Slow-Moving),5,130
21286,125,"0,0033%","99,56%",Kelas C (Slow-Moving),5,130
21676,124,"0,00329%","99,56%",Kelas C (Slow-Moving),5,129
23444,124,"0,00327%","99,56%",Kelas C (Slow-Moving),5,129
23185,123,"0,00327%","99,57%",Kelas C (Slow-Moving),5,128
20772,122,"0,00324%","99,57%",Kelas C (Slow-Moving),5,127
22852,122,"0,00324%","99,57%",Kelas C (Slow-Moving),5,127
22794,122,"0,00321%","99,58%",Kelas C (Slow-Moving),5,127
22430,120,"0,00318%","99,58%",Kelas C (Slow-Moving),5,125
22914,119,"0,00316%","99,58%",Kelas C (Slow-Moving),5,124
22449,119,"0,00315%","99,59%",Kelas C (Slow-Moving),5,124
23476,118,"0,00313%","99,59%",Kelas C (Slow-Moving),5,123
35818P,118,"0,00312%","99,59%",Kelas C (Slow-Moving),5,123
22853,118,"0,00312%","99,6%",Kelas C (Slow-Moving),5,123
85123a,118,"0,00312%","99,6%",Kelas C (Slow-Moving),5,123
22085,118,"0,00312%","99,6%",Kelas C (Slow-Moving),5,123
22376,117,"0,00309%","99,61%",Kelas C (Slow-Moving),5,122
22220,116,"0,00307%","99,61%",Kelas C (Slow-Moving),5,121
20758,115,"0,00305%","99,61%",Kelas C (Slow-Moving),5,120
72800B,115,"0,00304%","99,62%",Kelas C (Slow-Moving),5,120
46776C,115,"0,00303%","99,62%",Kelas C (Slow-Moving),5,120
22479,115,"0,00303%","99,62%",Kelas C (Slow-Moving),5,120
21401,115,"0,00303%","99,62%",Kelas C (Slow-Moving),5,120
21564,113,"0,003%","99,63%",Kelas C (Slow-Moving),5,118
20652,113,"0,00299%","99,63%",Kelas C (Slow-Moving),5,118
21537,112,"0,00296%","99,63%",Kelas C (Slow-Moving),5,117
84819,111,"0,00293%","99,64%",Kelas C (Slow-Moving),5,116
84859A,110,"0,00291%","99,64%",Kelas C (Slow-Moving),5,115
72800C,109,"0,00289%","99,64%",Kelas C (Slow-Moving),5,114
22334,108,"0,00285%","99,64%",Kelas C (Slow-Moving),5,113
46776D,107,"0,00283%","99,65%",Kelas C (Slow-Moving),5,112
22763,107,"0,00283%","99,65%",Kelas C (Slow-Moving),5,112
23025,107,"0,00283%","99,65%",Kelas C (Slow-Moving),5,112
20686,107,"0,00283%","99,66%",Kelas C (Slow-Moving),5,112
72349b,107,"0,00282%","99,66%",Kelas C (Slow-Moving),5,112
84849D,107,"0,00282%","99,66%",Kelas C (Slow-Moving),5,112
23070,106,"0,0028%","99,66%",Kelas C (Slow-Moving),5,111
90200D,105,"0,00279%","99,67%",Kelas C (Slow-Moving),5,110
21248,105,"0,00278%","99,67%",Kelas C (Slow-Moving),5,110
21059,105,"0,00278%","99,67%",Kelas C (Slow-Moving),5,110
21417,105,"0,00276%","99,68%",Kelas C (Slow-Moving),5,110
22124,104,"0,00276%","99,68%",Kelas C (Slow-Moving),5,109
21618,103,"0,00273%","99,68%",Kelas C (Slow-Moving),5,108
22320,101,"0,00268%","99,68%",Kelas C (Slow-Moving),5,106
82494l,101,"0,00268%","99,69%",Kelas C (Slow-Moving),5,106
21534,101,"0,00267%","99,69%",Kelas C (Slow-Moving),5,106
22498,100,"0,00265%","99,69%",Kelas C (Slow-Moving),5,105
84926D,100,"0,00265%","99,69%",Kelas C (Slow-Moving),5,105
85054,99,"0,00262%","99,7%",Kelas C (Slow-Moving),5,104
22500,99,"0,00261%","99,7%",Kelas C (Slow-Moving),5,104
15044A,99,"0,00261%","99,7%",Kelas C (Slow-Moving),5,104
84970l,99,"0,0026%","99,7%",Kelas C (Slow-Moving),5,104
21723,98,"0,0026%","99,71%",Kelas C (Slow-Moving),5,103
47421,97,"0,00257%","99,71%",Kelas C (Slow-Moving),5,102
85049a,97,"0,00256%","99,71%",Kelas C (Slow-Moving),5,102
23537,97,"0,00256%","99,72%",Kelas C (Slow-Moving),5,102
22513,97,"0,00256%","99,72%",Kelas C (Slow-Moving),5,102
22452,96,"0,00255%","99,72%",Kelas C (Slow-Moving),5,101
23116,96,"0,00253%","99,72%",Kelas C (Slow-Moving),5,101
22673,95,"0,00252%","99,73%",Kelas C (Slow-Moving),5,100
72807A,95,"0,00252%","99,73%",Kelas C (Slow-Moving),5,100
21896,95,"0,00251%","99,73%",Kelas C (Slow-Moving),5,100
23533,95,"0,0025%","99,73%",Kelas C (Slow-Moving),5,100
23020,94,"0,00249%","99,74%",Kelas C (Slow-Moving),5,99
22304,94,"0,00249%","99,74%",Kelas C (Slow-Moving),5,99
22359,94,"0,00248%","99,74%",Kelas C (Slow-Moving),5,99
22286,94,"0,00248%","99,74%",Kelas C (Slow-Moving),5,99
85049e,94,"0,00248%","99,75%",Kelas C (Slow-Moving),5,99
21400,94,"0,00248%","99,75%",Kelas C (Slow-Moving),5,99
23046,93,"0,00246%","99,75%",Kelas C (Slow-Moving),5,98
23409,93,"0,00245%","99,75%",Kelas C (Slow-Moving),5,98
22363,93,"0,00245%","99,76%",Kelas C (Slow-Moving),5,98
84661B,93,"0,00244%","99,76%",Kelas C (Slow-Moving),5,98
23104,92,"0,00243%","99,76%",Kelas C (Slow-Moving),5,97
22428,91,"0,00241%","99,76%",Kelas C (Slow-Moving),5,96
47471,91,"0,00241%","99,76%",Kelas C (Slow-Moving),5,96
22517,91,"0,00241%","99,77%",Kelas C (Slow-Moving),5,96
22643,90,"0,00239%","99,77%",Kelas C (Slow-Moving),5,95
37450,90,"0,00237%","99,77%",Kelas C (Slow-Moving),5,95
23152,89,"0,00236%","99,77%",Kelas C (Slow-Moving),5,94
35001G,89,"0,00236%","99,78%",Kelas C (Slow-Moving),5,94
90161C,89,"0,00236%","99,78%",Kelas C (Slow-Moving),5,94
22344,89,"0,00234%","99,78%",Kelas C (Slow-Moving),5,94
72807C,88,"0,00233%","99,78%",Kelas C (Slow-Moving),5,93
22325,88,"0,00233%","99,79%",Kelas C (Slow-Moving),5,93
22685,88,"0,00233%","99,79%",Kelas C (Slow-Moving),5,93
22509,88,"0,00233%","99,79%",Kelas C (Slow-Moving),5,93
20932,87,"0,00229%","99,79%",Kelas C (Slow-Moving),5,92
23042,86,"0,00228%","99,8%",Kelas C (Slow-Moving),5,91
23466,84,"0,00223%","99,8%",Kelas C (Slow-Moving),5,89
23538,84,"0,00222%","99,8%",Kelas C (Slow-Moving),5,89
20659,84,"0,00222%","99,8%",Kelas C (Slow-Moving),5,89
22515,84,"0,00222%","99,8%",Kelas C (Slow-Moving),5,89
21042,84,"0,00222%","99,81%",Kelas C (Slow-Moving),5,89
90208,83,"0,0022%","99,81%",Kelas C (Slow-Moving),5,88
21351,83,"0,00218%","99,81%",Kelas C (Slow-Moving),5,88
23465,82,"0,00217%","99,81%",Kelas C (Slow-Moving),5,87
21317,82,"0,00215%","99,82%",Kelas C (Slow-Moving),5,87
90200E,81,"0,00214%","99,82%",Kelas C (Slow-Moving),5,86
23472,81,"0,00213%","99,82%",Kelas C (Slow-Moving),5,86
22684,80,"0,00211%","99,82%",Kelas C (Slow-Moving),5,85
35004B,80,"0,0021%","99,82%",Kelas C (Slow-Moving),5,85
21884,80,"0,0021%","99,83%",Kelas C (Slow-Moving),5,85
23539,78,"0,00205%","99,83%",Kelas C (Slow-Moving),5,83
21850,77,"0,00204%","99,83%",Kelas C (Slow-Moving),5,82
22453,77,"0,00203%","99,83%",Kelas C (Slow-Moving),5,82
23417,75,"0,00197%","99,83%",Kelas C (Slow-Moving),5,80
23626,74,"0,00196%","99,84%",Kelas C (Slow-Moving),5,79
22067,74,"0,00194%","99,84%",Kelas C (Slow-Moving),5,79
90099,74,"0,00194%","99,84%",Kelas C (Slow-Moving),5,79
22640,73,"0,00194%","99,84%",Kelas C (Slow-Moving),5,78
21629,73,"0,00193%","99,84%",Kelas C (Slow-Moving),5,78
84926F,71,"0,00188%","99,85%",Kelas C (Slow-Moving),5,76
84970s,71,"0,00188%","99,85%",Kelas C (Slow-Moving),5,76
84884A,71,"0,00187%","99,85%",Kelas C (Slow-Moving),5,76
21922,71,"0,00187%","99,85%",Kelas C (Slow-Moving),5,76
21706,71,"0,00186%","99,85%",Kelas C (Slow-Moving),5,76
22785,71,"0,00186%","99,85%",Kelas C (Slow-Moving),5,76
20752,70,"0,00186%","99,86%",Kelas C (Slow-Moving),5,75
90170,70,"0,00185%","99,86%",Kelas C (Slow-Moving),5,75
21713,70,"0,00183%","99,86%",Kelas C (Slow-Moving),5,75
22510,70,"0,00183%","99,86%",Kelas C (Slow-Moving),5,75
23027,69,"0,00183%","99,86%",Kelas C (Slow-Moving),5,74
90198A,69,"0,00181%","99,87%",Kelas C (Slow-Moving),5,74
23179,69,"0,00181%","99,87%",Kelas C (Slow-Moving),5,74
22182,68,"0,00179%","99,87%",Kelas C (Slow-Moving),5,73
84030e,67,"0,00176%","99,87%",Kelas C (Slow-Moving),5,72
22442,67,"0,00175%","99,87%",Kelas C (Slow-Moving),5,72
85169A,66,"0,00174%","99,87%",Kelas C (Slow-Moving),5,71
21215,66,"0,00174%","99,88%",Kelas C (Slow-Moving),5,71
21355,66,"0,00173%","99,88%",Kelas C (Slow-Moving),5,71
90059A,66,"0,00173%","99,88%",Kelas C (Slow-Moving),5,71
23532,64,"0,00169%","99,88%",Kelas C (Slow-Moving),5,69
84843,63,"0,00166%","99,88%",Kelas C (Slow-Moving),5,68
79144B,62,"0,00164%","99,88%",Kelas C (Slow-Moving),5,67
21194,62,"0,00164%","99,89%",Kelas C (Slow-Moving),5,67
21000,62,"0,00163%","99,89%",Kelas C (Slow-Moving),5,67
85049g,62,"0,00163%","99,89%",Kelas C (Slow-Moving),5,67
21426,61,"0,00161%","99,89%",Kelas C (Slow-Moving),5,66
22201,61,"0,0016%","99,89%",Kelas C (Slow-Moving),5,66
23153,60,"0,00159%","99,89%",Kelas C (Slow-Moving),5,65
90200A,60,"0,00157%","99,9%",Kelas C (Slow-Moving),5,65
21211,60,"0,00157%","99,9%",Kelas C (Slow-Moving),5,65
85203,58,"0,00154%","99,9%",Kelas C (Slow-Moving),5,63
35649,58,"0,00152%","99,9%",Kelas C (Slow-Moving),5,63
23557,57,"0,00151%","99,9%",Kelas C (Slow-Moving),5,62
22166,57,"0,0015%","99,9%",Kelas C (Slow-Moving),5,62
21576,57,"0,0015%","99,91%",Kelas C (Slow-Moving),5,62
22391,56,"0,00148%","99,91%",Kelas C (Slow-Moving),5,61
21379,56,"0,00148%","99,91%",Kelas C (Slow-Moving),5,61
23099,56,"0,00147%","99,91%",Kelas C (Slow-Moving),5,61
23427,56,"0,00147%","99,91%",Kelas C (Slow-Moving),5,61
20869,55,"0,00145%","99,91%",Kelas C (Slow-Moving),5,60
85127,55,"0,00145%","99,91%",Kelas C (Slow-Moving),5,60
84509a,55,"0,00144%","99,92%",Kelas C (Slow-Moving),5,60
21693,53,"0,0014%","99,92%",Kelas C (Slow-Moving),5,58
21695,53,"0,0014%","99,92%",Kelas C (Slow-Moving),5,58
20936,52,"0,00138%","99,92%",Kelas C (Slow-Moving),5,57
23519,52,"0,00138%","99,92%",Kelas C (Slow-Moving),5,57
21378,52,"0,00138%","99,92%",Kelas C (Slow-Moving),5,57
20840,52,"0,00137%","99,92%",Kelas C (Slow-Moving),5,57
22936,51,"0,00134%","99,92%",Kelas C (Slow-Moving),5,56
22913,51,"0,00134%","99,93%",Kelas C (Slow-Moving),5,56
15044D,51,"0,00134%","99,93%",Kelas C (Slow-Moving),5,56
20838,51,"0,00133%","99,93%",Kelas C (Slow-Moving),5,56
20619,50,"0,00131%","99,93%",Kelas C (Slow-Moving),5,55
18097C,50,"0,00131%","99,93%",Kelas C (Slow-Moving),5,55
22282,49,"0,0013%","99,93%",Kelas C (Slow-Moving),5,54
90119,49,"0,0013%","99,93%",Kelas C (Slow-Moving),5,54
21253,49,"0,00127%","99,94%",Kelas C (Slow-Moving),5,54
85136C,48,"0,00125%","99,94%",Kelas C (Slow-Moving),5,53
84817,47,"0,00124%","99,94%",Kelas C (Slow-Moving),5,52
85136A,47,"0,00124%","99,94%",Kelas C (Slow-Moving),5,52
21442,46,"0,00122%","99,94%",Kelas C (Slow-Moving),5,51
21682,46,"0,0012%","99,94%",Kelas C (Slow-Moving),5,51
84875B,45,"0,00118%","99,94%",Kelas C (Slow-Moving),5,50
84859C,45,"0,00117%","99,94%",Kelas C (Slow-Moving),5,50
20867,44,"0,00117%","99,95%",Kelas C (Slow-Moving),5,49
22162,44,"0,00115%","99,95%",Kelas C (Slow-Moving),5,49
20997,43,"0,00114%","99,95%",Kelas C (Slow-Moving),5,48
21441,42,"0,0011%","99,95%",Kelas C (Slow-Moving),5,47
21060,42,"0,00109%","99,95%",Kelas C (Slow-Moving),5,47
22251,40,"0,00104%","99,95%",Kelas C (Slow-Moving),5,45
21001,39,"0,00104%","99,95%",Kelas C (Slow-Moving),5,44
23471,39,"0,00102%","99,95%",Kelas C (Slow-Moving),5,44
90114,38,"0,00101%","99,95%",Kelas C (Slow-Moving),5,43
21003,38,"0,001%","99,95%",Kelas C (Slow-Moving),5,43
84951A,38,"0,00098%","99,96%",Kelas C (Slow-Moving),5,43
22786,37,"0,00098%","99,96%",Kelas C (Slow-Moving),5,42
22799,37,"0,00097%","99,96%",Kelas C (Slow-Moving),5,42
21972,37,"0,00097%","99,96%",Kelas C (Slow-Moving),5,42
47503H,36,"0,00094%","99,96%",Kelas C (Slow-Moving),5,41
22395,36,"0,00094%","99,96%",Kelas C (Slow-Moving),5,41
23045,35,"0,00092%","99,96%",Kelas C (Slow-Moving),5,40
23073,35,"0,00091%","99,96%",Kelas C (Slow-Moving),5,40
22762,34,"0,00089%","99,96%",Kelas C (Slow-Moving),5,39
22263,34,"0,00089%","99,96%",Kelas C (Slow-Moving),5,39
84356,32,"0,00084%","99,96%",Kelas C (Slow-Moving),5,37
22832,32,"0,00084%","99,97%",Kelas C (Slow-Moving),5,37
20761,31,"0,00081%","99,97%",Kelas C (Slow-Moving),5,36
85039C,31,"0,00081%","99,97%",Kelas C (Slow-Moving),5,36
20654,31,"0,00081%","99,97%",Kelas C (Slow-Moving),5,36
21462,31,"0,0008%","99,97%",Kelas C (Slow-Moving),5,36
20765,30,"0,00079%","99,97%",Kelas C (Slow-Moving),5,35
22221,30,"0,00079%","99,97%",Kelas C (Slow-Moving),5,35
21106,30,"0,00079%","99,97%",Kelas C (Slow-Moving),5,35
22797,30,"0,00077%","99,97%",Kelas C (Slow-Moving),5,35
22448,29,"0,00077%","99,97%",Kelas C (Slow-Moving),5,34
22512,29,"0,00076%","99,97%",Kelas C (Slow-Moving),5,34
84931B,29,"0,00076%","99,97%",Kelas C (Slow-Moving),5,34
84707A,29,"0,00075%","99,98%",Kelas C (Slow-Moving),5,34
23094,29,"0,00075%","99,98%",Kelas C (Slow-Moving),5,34
72819,28,"0,00074%","99,98%",Kelas C (Slow-Moving),5,33
22318,28,"0,00074%","99,98%",Kelas C (Slow-Moving),5,33
22802,27,"0,00071%","99,98%",Kelas C (Slow-Moving),5,32
22450,27,"0,0007%","99,98%",Kelas C (Slow-Moving),5,32
90200B,27,"0,0007%","99,98%",Kelas C (Slow-Moving),5,32
90174,27,"0,0007%","99,98%",Kelas C (Slow-Moving),5,32
20665,27,"0,00069%","99,98%",Kelas C (Slow-Moving),5,32
21581,27,"0,00069%","99,98%",Kelas C (Slow-Moving),5,32
15044C,26,"0,00067%","99,98%",Kelas C (Slow-Moving),5,31
23050,25,"0,00066%","99,98%",Kelas C (Slow-Moving),5,30
84673B,25,"0,00064%","99,98%",Kelas C (Slow-Moving),5,30
90018A,24,"0,00063%","99,98%",Kelas C (Slow-Moving),5,29
90206C,24,"0,00062%","99,98%",Kelas C (Slow-Moving),5,29
84880,24,"0,00062%","99,99%",Kelas C (Slow-Moving),5,29
37475,23,"0,00061%","99,99%",Kelas C (Slow-Moving),5,28
85129D,23,"0,0006%","99,99%",Kelas C (Slow-Moving),5,28
23049,23,"0,0006%","99,99%",Kelas C (Slow-Moving),5,28
21943,23,"0,0006%","99,99%",Kelas C (Slow-Moving),5,28
85168B,23,"0,0006%","99,99%",Kelas C (Slow-Moving),5,28
22641,23,"0,0006%","99,99%",Kelas C (Slow-Moving),5,28
84931A,22,"0,00057%","99,99%",Kelas C (Slow-Moving),5,27
20771,21,"0,00055%","99,99%",Kelas C (Slow-Moving),5,26
21849,21,"0,00054%","99,99%",Kelas C (Slow-Moving),5,26
20780,20,"0,00053%","99,99%",Kelas C (Slow-Moving),5,25
23611,20,"0,00053%","99,99%",Kelas C (Slow-Moving),5,25
90130B,20,"0,00053%","99,99%",Kelas C (Slow-Moving),5,25
20781,20,"0,00053%","99,99%",Kelas C (Slow-Moving),5,25
22516,20,"0,00053%","99,99%",Kelas C (Slow-Moving),5,25
85135C,19,"0,0005%","99,99%",Kelas C (Slow-Moving),5,24
90086,18,"0,00047%","99,99%",Kelas C (Slow-Moving),5,23
22782,18,"0,00047%","99,99%",Kelas C (Slow-Moving),5,23
20655,18,"0,00046%","100,0%",Kelas C (Slow-Moving),5,23
23180,17,"0,00043%","100,0%",Kelas C (Slow-Moving),5,22
90161B,17,"0,00043%","100,0%",Kelas C (Slow-Moving),5,22
90161D,17,"0,00042%","100,0%",Kelas C (Slow-Moving),5,22
21528,16,"0,00041%","100,0%",Kelas C (Slow-Moving),5,21
20762,16,"0,00041%","100,0%",Kelas C (Slow-Moving),5,21
22486,16,"0,00041%","100,0%",Kelas C (Slow-Moving),5,21
84600,15,"0,00038%","100,0%",Kelas C (Slow-Moving),5,20
46776E,13,"0,00034%","100,0%",Kelas C (Slow-Moving),5,18
22526,13,"0,00032%","100,0%",Kelas C (Slow-Moving),5,18
20782,13,"0,00032%","100,0%",Kelas C (Slow-Moving),5,18
90013C,12,"0,00031%","100,0%",Kelas C (Slow-Moving),5,17
90158,11,"0,00027%","100,0%",Kelas C (Slow-Moving),5,16
90134,10,"0,00026%","100,0%",Kelas C (Slow-Moving),5,15
